state,county,Population 18 to 24 years with Bachelor's degree or higher,Population 25 years and over with Bachelor's degree or higher
Alabama,Autauga,612,10721
Alabama,Baldwin,1360,49636
Alabama,Barbour,84,2067
Alabama,Bibb,24,1814
Alabama,Blount,127,5276
Alabama,Bullock,44,697
Alabama,Butler,52,2205
Alabama,Calhoun,849,14890
Alabama,Chambers,89,3433
Alabama,Cherokee,59,2476
Alabama,Chilton,39,4107
Alabama,Choctaw,25,1252
Alabama,Clarke,111,2303
Alabama,Clay,16,1104
Alabama,Cleburne,38,1688
Alabama,Coffee,247,7808
Alabama,Colbert,159,6788
Alabama,Conecuh,0,1221
Alabama,Coosa,29,957
Alabama,Covington,142,4117
Alabama,Crenshaw,26,1792
Alabama,Cullman,191,8954
Alabama,Dale,341,6107
Alabama,Dallas,100,4263
Alabama,DeKalb,280,6753
Alabama,Elmore,250,14620
Alabama,Escambia,100,3213
Alabama,Etowah,339,12775
Alabama,Fayette,24,1422
Alabama,Franklin,88,3171
Alabama,Geneva,33,2445
Alabama,Greene,67,584
Alabama,Hale,8,1563
Alabama,Henry,20,2308
Alabama,Houston,444,16123
Alabama,Jackson,50,6018
Alabama,Jefferson,7862,153252
Alabama,Lamar,53,1107
Alabama,Lauderdale,980,16071
Alabama,Lawrence,163,3709
Alabama,Lee,3410,36179
Alabama,Limestone,657,16936
Alabama,Lowndes,32,1010
Alabama,Macon,122,2443
Alabama,Madison,4610,110689
Alabama,Marengo,34,2229
Alabama,Marion,78,2842
Alabama,Marshall,359,13298
Alabama,Mobile,2689,68237
Alabama,Monroe,134,1990
Alabama,Montgomery,1646,50835
Alabama,Morgan,284,17614
Alabama,Perry,0,1020
Alabama,Pickens,119,2075
Alabama,Pike,762,5721
Alabama,Randolph,53,2735
Alabama,Russell,333,6871
Alabama,St. Clair,392,11295
Alabama,Shelby,1828,65337
Alabama,Sumter,16,1410
Alabama,Talladega,190,8567
Alabama,Tallapoosa,57,5418
Alabama,Tuscaloosa,2714,40782
Alabama,Walker,181,5989
Alabama,Washington,14,1607
Alabama,Wilcox,8,823
Alabama,Winston,81,2282
Alaska,Aleutians East Borough,46,438
Alaska,Aleutians West Census Area,7,716
Alaska,Anchorage Municipality,2072,70359
Alaska,Bethel Census Area,43,1115
Alaska,Bristol Bay Borough,5,145
Alaska,Chugach Census Area,22,1362
Alaska,Copper River Census Area,0,593
Alaska,Denali Borough,6,730
Alaska,Dillingham Census Area,16,563
Alaska,Fairbanks North Star Borough,813,19954
Alaska,Haines Borough,0,460
Alaska,Hoonah-Angoon Census Area,0,342
Alaska,Juneau City and Borough,289,8769
Alaska,Kenai Peninsula Borough,220,10622
Alaska,Ketchikan Gateway Borough,63,2467
Alaska,Kodiak Island Borough,33,2652
Alaska,Kusilvak Census Area,2,132
Alaska,Lake and Peninsula Borough,59,166
Alaska,Matanuska-Susitna Borough,321,15297
Alaska,Nome Census Area,27,937
Alaska,North Slope Borough,46,936
Alaska,Northwest Arctic Borough,16,639
Alaska,Petersburg Borough,4,634
Alaska,Prince of Wales-Hyder Census Area,11,767
Alaska,Sitka City and Borough,49,2095
Alaska,Skagway Municipality,4,254
Alaska,Southeast Fairbanks Census Area,86,979
Alaska,Wrangell City and Borough,12,317
Alaska,Yakutat City and Borough,3,77
Alaska,Yukon-Koyukuk Census Area,24,450
Arizona,Apache,61,5705
Arizona,Cochise,359,22581
Arizona,Coconino,2022,31726
Arizona,Gila,141,7634
Arizona,Graham,171,3566
Arizona,Greenlee,0,960
Arizona,La Paz,7,1963
Arizona,Maricopa,44629,986590
Arizona,Mohave,672,21749
Arizona,Navajo,375,11588
Arizona,Pima,10876,235332
Arizona,Pinal,1736,65075
Arizona,Santa Cruz,184,6209
Arizona,Yavapai,530,47221
Arizona,Yuma,934,20799
Arkansas,Arkansas,56,2022
Arkansas,Ashley,47,1663
Arkansas,Baxter,65,5689
Arkansas,Benton,2392,62035
Arkansas,Boone,102,4681
Arkansas,Bradley,31,1040
Arkansas,Calhoun,43,404
Arkansas,Carroll,104,4216
Arkansas,Chicot,2,1067
Arkansas,Clark,340,3281
Arkansas,Clay,37,1425
Arkansas,Cleburne,42,3135
Arkansas,Cleveland,26,913
Arkansas,Columbia,185,2992
Arkansas,Conway,115,2581
Arkansas,Craighead,1459,19018
Arkansas,Crawford,186,7768
Arkansas,Crittenden,156,5388
Arkansas,Cross,36,1681
Arkansas,Dallas,33,551
Arkansas,Desha,37,1082
Arkansas,Drew,219,2634
Arkansas,Faulkner,2447,24822
Arkansas,Franklin,87,1374
Arkansas,Fulton,7,1181
Arkansas,Garland,599,16392
Arkansas,Grant,29,2600
Arkansas,Greene,374,5242
Arkansas,Hempstead,93,2303
Arkansas,Hot Spring,187,3701
Arkansas,Howard,19,1209
Arkansas,Independence,113,4665
Arkansas,Izard,43,1504
Arkansas,Jackson,69,1423
Arkansas,Jefferson,385,8307
Arkansas,Johnson,235,2879
Arkansas,Lafayette,82,682
Arkansas,Lawrence,101,1626
Arkansas,Lee,9,568
Arkansas,Lincoln,103,849
Arkansas,Little River,21,1251
Arkansas,Logan,62,1876
Arkansas,Lonoke,633,10037
Arkansas,Madison,15,1385
Arkansas,Marion,66,2043
Arkansas,Miller,329,5324
Arkansas,Mississippi,138,4204
Arkansas,Monroe,23,622
Arkansas,Montgomery,0,1014
Arkansas,Nevada,3,679
Arkansas,Newton,14,892
Arkansas,Ouachita,108,2210
Arkansas,Perry,24,1312
Arkansas,Phillips,126,1850
Arkansas,Pike,49,1375
Arkansas,Poinsett,59,1866
Arkansas,Polk,48,2145
Arkansas,Pope,581,10078
Arkansas,Prairie,117,902
Arkansas,Pulaski,5422,94146
Arkansas,Randolph,21,1713
Arkansas,St. Francis,21,1950
Arkansas,Saline,488,23224
Arkansas,Scott,14,868
Arkansas,Searcy,24,625
Arkansas,Sebastian,572,19868
Arkansas,Sevier,107,1424
Arkansas,Sharp,46,1311
Arkansas,Stone,28,1174
Arkansas,Union,328,5628
Arkansas,Van Buren,61,1938
Arkansas,Washington,3580,47906
Arkansas,White,711,10625
Arkansas,Woodruff,31,693
Arkansas,Yell,32,1944
California,Alameda,23341,575727
California,Alpine,6,336
California,Amador,0,5573
California,Butte,3763,41383
California,Calaveras,170,7011
California,Colusa,23,2041
California,Contra Costa,12284,344244
California,Del Norte,26,3042
California,El Dorado,1087,49019
California,Fresno,6746,134611
California,Glenn,77,2610
California,Humboldt,1130,28770
California,Imperial,673,16993
California,Inyo,44,3466
California,Kern,4186,93120
California,Kings,970,14068
California,Lake,97,7770
California,Lassen,60,2825
California,Los Angeles,117387,2317682
California,Madera,678,14912
California,Marin,3127,114604
California,Mariposa,11,3659
California,Mendocino,314,14877
California,Merced,2223,22873
California,Modoc,7,1220
California,Mono,65,3208
California,Monterey,2798,72592
California,Napa,906,36459
California,Nevada,301,28748
California,Orange,37697,900407
California,Placer,3471,112522
California,Plumas,46,3566
California,Riverside,15596,369140
California,Sacramento,12748,328051
California,San Benito,296,8041
California,San Bernardino,16705,292237
California,San Diego,40649,893648
California,San Francisco,23031,409341
California,San Joaquin,5521,91108
California,San Luis Obispo,4318,68535
California,San Mateo,13381,287882
California,Santa Barbara,6835,96547
California,Santa Clara,34511,716934
California,Santa Cruz,3991,75435
California,Shasta,787,28097
California,Sierra,15,446
California,Siskiyou,70,7028
California,Solano,2606,83141
California,Sonoma,4016,130834
California,Stanislaus,2350,61312
California,Sutter,306,12636
California,Tehama,300,7698
California,Trinity,52,1868
California,Tulare,1641,39847
California,Tuolumne,101,9252
California,Ventura,7382,194239
California,Yolo,5688,54823
California,Yuba,358,8815
Colorado,Adams,3819,83000
Colorado,Alamosa,240,2385
Colorado,Arapahoe,8221,192823
Colorado,Archuleta,19,4115
Colorado,Baca,0,577
Colorado,Bent,37,663
Colorado,Boulder,7850,135876
Colorado,Broomfield,1118,27160
Colorado,Chaffee,119,5670
Colorado,Cheyenne,0,316
Colorado,Clear Creek,43,3788
Colorado,Conejos,17,1364
Colorado,Costilla,35,663
Colorado,Crowley,23,360
Colorado,Custer,12,1328
Colorado,Delta,191,4913
Colorado,Denver,11585,261452
Colorado,Dolores,14,411
Colorado,Douglas,4361,134307
Colorado,Eagle,464,19603
Colorado,Elbert,150,6408
Colorado,El Paso,7693,178990
Colorado,Fremont,131,6900
Colorado,Garfield,363,12675
Colorado,Gilpin,59,2165
Colorado,Grand,171,4752
Colorado,Gunnison,479,6228
Colorado,Hinsdale,0,286
Colorado,Huerfano,13,1243
Colorado,Jackson,1,339
Colorado,Jefferson,6422,195248
Colorado,Kiowa,11,193
Colorado,Kit Carson,19,866
Colorado,Lake,180,2359
Colorado,La Plata,984,17747
Colorado,Larimer,8597,110756
Colorado,Las Animas,36,2092
Colorado,Lincoln,2,531
Colorado,Logan,121,3269
Colorado,Mesa,1074,29111
Colorado,Mineral,0,379
Colorado,Moffat,8,1895
Colorado,Montezuma,106,5454
Colorado,Montrose,250,7443
Colorado,Morgan,108,3203
Colorado,Otero,102,2508
Colorado,Ouray,28,1959
Colorado,Park,42,4770
Colorado,Phillips,18,714
Colorado,Pitkin,179,8459
Colorado,Prowers,62,1447
Colorado,Pueblo,862,26386
Colorado,Rio Blanco,14,1064
Colorado,Rio Grande,31,2000
Colorado,Routt,243,9297
Colorado,Saguache,21,1103
Colorado,San Juan,0,169
Colorado,San Miguel,192,3475
Colorado,Sedgwick,7,325
Colorado,Summit,71,12656
Colorado,Teller,153,6828
Colorado,Washington,15,712
Colorado,Weld,1848,56295
Colorado,Yuma,92,1380
Connecticut,Fairfield,17968,316013
Connecticut,Hartford,14570,240369
Connecticut,Litchfield,2029,48299
Connecticut,Middlesex,2938,51145
Connecticut,New Haven,13049,215189
Connecticut,New London,4045,64656
Connecticut,Tolland,2789,40924
Connecticut,Windham,979,19405
Delaware,Kent,1687,29454
Delaware,New Castle,5380,141688
Delaware,Sussex,1071,50901
District of Columbia,District of Columbia,18140,299975
Florida,Alachua,9925,72456
Florida,Baker,91,2779
Florida,Bay,987,31305
Florida,Bradford,74,2083
Florida,Brevard,3967,136909
Florida,Broward,16367,456701
Florida,Calhoun,59,954
Florida,Charlotte,647,36727
Florida,Citrus,455,22347
Florida,Clay,1162,38721
Florida,Collier,2637,103912
Florida,Columbia,86,7316
Florida,DeSoto,187,3284
Florida,Dixie,16,1198
Florida,Duval,7918,199548
Florida,Escambia,4148,58279
Florida,Flagler,543,22237
Florida,Franklin,7,1900
Florida,Gadsden,204,5840
Florida,Gilchrist,69,1542
Florida,Glades,10,1214
Florida,Gulf,15,2761
Florida,Hamilton,23,868
Florida,Hardee,130,1586
Florida,Hendry,190,2190
Florida,Hernando,659,27276
Florida,Highlands,251,14090
Florida,Hillsborough,16756,344058
Florida,Holmes,41,1400
Florida,Indian River,1294,37154
Florida,Jackson,138,4518
Florida,Jefferson,74,2565
Florida,Lafayette,152,563
Florida,Lake,1759,64413
Florida,Lee,3812,162712
Florida,Leon,8624,81389
Florida,Levy,14,4247
Florida,Liberty,32,816
Florida,Madison,41,1900
Florida,Manatee,2079,89374
Florida,Marion,909,55580
Florida,Martin,728,41655
Florida,Miami-Dade,23875,590305
Florida,Monroe,388,20796
Florida,Nassau,672,19362
Florida,Okaloosa,2264,45878
Florida,Okeechobee,243,4222
Florida,Orange,18007,327968
Florida,Osceola,2762,55852
Florida,Palm Beach,12283,403819
Florida,Pasco,2883,96665
Florida,Pinellas,7696,243730
Florida,Polk,3825,100965
Florida,Putnam,218,7159
Florida,St. Johns,1649,80785
Florida,St. Lucie,1892,52597
Florida,Santa Rosa,1788,34361
Florida,Sarasota,2271,124739
Florida,Seminole,4880,135603
Florida,Sumter,145,37389
Florida,Suwannee,268,4999
Florida,Taylor,49,1721
Florida,Union,72,1195
Florida,Volusia,3456,99126
Florida,Wakulla,118,4449
Florida,Walton,452,15693
Florida,Washington,25,2201
Georgia,Appling,23,1173
Georgia,Atkinson,25,646
Georgia,Bacon,14,681
Georgia,Baker,22,490
Georgia,Baldwin,341,6847
Georgia,Banks,27,2071
Georgia,Barrow,296,10829
Georgia,Bartow,528,14078
Georgia,Ben Hill,93,1245
Georgia,Berrien,26,1748
Georgia,Bibb,1203,25338
Georgia,Bleckley,32,1479
Georgia,Brantley,20,889
Georgia,Brooks,0,1821
Georgia,Bryan,345,7966
Georgia,Bulloch,981,12092
Georgia,Burke,134,2103
Georgia,Butts,0,1917
Georgia,Calhoun,0,555
Georgia,Camden,382,7780
Georgia,Candler,45,814
Georgia,Carroll,651,16624
Georgia,Catoosa,360,10751
Georgia,Charlton,31,1194
Georgia,Chatham,4252,67476
Georgia,Chattahoochee,342,1316
Georgia,Chattooga,41,1665
Georgia,Cherokee,2235,63411
Georgia,Clarke,4507,32680
Georgia,Clay,19,365
Georgia,Clayton,1746,34281
Georgia,Clinch,30,486
Georgia,Cobb,10098,247382
Georgia,Coffee,118,3455
Georgia,Colquitt,355,4072
Georgia,Columbia,1146,37504
Georgia,Cook,64,1772
Georgia,Coweta,1018,32708
Georgia,Crawford,0,925
Georgia,Crisp,118,2055
Georgia,Dade,18,1758
Georgia,Dawson,170,6052
Georgia,Decatur,79,2489
Georgia,DeKalb,10510,235192
Georgia,Dodge,66,2303
Georgia,Dooly,11,1283
Georgia,Dougherty,501,12654
Georgia,Douglas,1180,26445
Georgia,Early,0,924
Georgia,Echols,15,210
Georgia,Effingham,193,9716
Georgia,Elbert,38,1589
Georgia,Emanuel,69,1697
Georgia,Evans,14,1149
Georgia,Fannin,62,4415
Georgia,Fayette,1057,36287
Georgia,Floyd,532,13963
Georgia,Forsyth,2516,84463
Georgia,Franklin,383,2675
Georgia,Fulton,21841,390293
Georgia,Gilmer,34,4921
Georgia,Glascock,28,211
Georgia,Glynn,484,17734
Georgia,Gordon,254,6153
Georgia,Grady,70,2573
Georgia,Greene,143,4047
Georgia,Gwinnett,9816,221368
Georgia,Habersham,169,6406
Georgia,Hall,1192,31696
Georgia,Hancock,0,639
Georgia,Haralson,98,3514
Georgia,Harris,133,7921
Georgia,Hart,60,3269
Georgia,Heard,63,741
Georgia,Henry,1713,41851
Georgia,Houston,1252,31578
Georgia,Irwin,9,1109
Georgia,Jackson,184,11178
Georgia,Jasper,91,1426
Georgia,Jeff Davis,31,1062
Georgia,Jefferson,43,1131
Georgia,Jenkins,16,315
Georgia,Johnson,7,494
Georgia,Jones,142,4121
Georgia,Lamar,18,1734
Georgia,Lanier,23,1395
Georgia,Laurens,79,5451
Georgia,Lee,121,5296
Georgia,Liberty,515,6954
Georgia,Lincoln,88,812
Georgia,Long,8,1782
Georgia,Lowndes,1381,18050
Georgia,Lumpkin,316,6558
Georgia,McDuffie,37,2163
Georgia,McIntosh,16,1956
Georgia,Macon,8,950
Georgia,Madison,170,3926
Georgia,Marion,38,801
Georgia,Meriwether,0,1603
Georgia,Miller,30,743
Georgia,Mitchell,78,1791
Georgia,Monroe,231,5109
Georgia,Montgomery,9,993
Georgia,Morgan,54,3227
Georgia,Murray,98,2824
Georgia,Muscogee,2023,35091
Georgia,Newton,526,14675
Georgia,Oconee,229,12999
Georgia,Oglethorpe,144,2049
Georgia,Paulding,1087,25685
Georgia,Peach,134,3950
Georgia,Pickens,67,5306
Georgia,Pierce,8,1739
Georgia,Pike,23,2469
Georgia,Polk,69,3553
Georgia,Pulaski,39,1106
Georgia,Putnam,43,3751
Georgia,Quitman,0,203
Georgia,Rabun,208,3693
Georgia,Randolph,0,565
Georgia,Richmond,1400,29903
Georgia,Rockdale,712,16308
Georgia,Schley,8,419
Georgia,Screven,47,1452
Georgia,Seminole,0,921
Georgia,Spalding,430,8175
Georgia,Stephens,203,3177
Georgia,Stewart,18,694
Georgia,Sumter,224,3769
Georgia,Talbot,6,592
Georgia,Taliaferro,0,72
Georgia,Tattnall,89,2526
Georgia,Taylor,0,758
Georgia,Telfair,0,828
Georgia,Terrell,18,608
Georgia,Thomas,378,7350
Georgia,Tift,14,4479
Georgia,Toombs,9,2910
Georgia,Towns,125,2824
Georgia,Treutlen,15,738
Georgia,Troup,904,9266
Georgia,Turner,12,604
Georgia,Twiggs,17,644
Georgia,Union,99,4258
Georgia,Upson,134,2500
Georgia,Walker,106,9346
Georgia,Walton,343,14069
Georgia,Ware,144,3703
Georgia,Warren,11,411
Georgia,Washington,58,2155
Georgia,Wayne,42,2540
Georgia,Webster,73,203
Georgia,Wheeler,0,646
Georgia,White,90,4388
Georgia,Whitfield,727,11050
Georgia,Wilcox,26,762
Georgia,Wilkes,21,798
Georgia,Wilkinson,88,695
Georgia,Worth,22,1470
Hawaii,Hawaii,1000,42432
Hawaii,Honolulu,8747,243482
Hawaii,Kalawao,0,171
Hawaii,Kauai,404,14701
Hawaii,Maui,747,33703
Idaho,Ada,4333,127431
Idaho,Adams,28,620
Idaho,Bannock,781,14907
Idaho,Bear Lake,48,731
Idaho,Benewah,25,1164
Idaho,Bingham,166,5712
Idaho,Blaine,187,6380
Idaho,Boise,31,1706
Idaho,Bonner,89,8871
Idaho,Bonneville,716,21956
Idaho,Boundary,31,1504
Idaho,Butte,0,337
Idaho,Camas,0,175
Idaho,Canyon,1697,27997
Idaho,Caribou,58,789
Idaho,Cassia,92,2780
Idaho,Clark,6,94
Idaho,Clearwater,29,1176
Idaho,Custer,7,918
Idaho,Elmore,70,3520
Idaho,Franklin,117,1396
Idaho,Fremont,16,1685
Idaho,Gem,103,2339
Idaho,Gooding,8,1664
Idaho,Idaho,11,2529
Idaho,Jefferson,50,4240
Idaho,Jerome,49,2168
Idaho,Kootenai,362,29968
Idaho,Latah,1610,10213
Idaho,Lemhi,2,1419
Idaho,Lewis,9,526
Idaho,Lincoln,47,381
Idaho,Madison,906,6474
Idaho,Minidoka,36,1801
Idaho,Nez Perce,195,6819
Idaho,Oneida,57,630
Idaho,Owyhee,34,959
Idaho,Payette,15,2561
Idaho,Power,103,741
Idaho,Shoshone,35,976
Idaho,Teton,83,3283
Idaho,Twin Falls,327,12814
Idaho,Valley,203,2631
Idaho,Washington,39,1362
Illinois,Adams,458,11561
Illinois,Alexander,0,494
Illinois,Bond,46,2574
Illinois,Boone,248,8489
Illinois,Brown,54,620
Illinois,Bureau,192,4841
Illinois,Calhoun,38,546
Illinois,Carroll,94,2110
Illinois,Cass,11,1335
Illinois,Champaign,8810,55159
Illinois,Christian,319,4254
Illinois,Clark,171,2385
Illinois,Clay,75,1426
Illinois,Clinton,306,5809
Illinois,Coles,964,8570
Illinois,Cook,83105,1433419
Illinois,Crawford,95,2291
Illinois,Cumberland,37,1437
Illinois,DeKalb,2300,20009
Illinois,De Witt,80,2287
Illinois,Douglas,104,2624
Illinois,DuPage,16049,320052
Illinois,Edgar,122,2268
Illinois,Edwards,20,604
Illinois,Effingham,264,5453
Illinois,Fayette,68,1880
Illinois,Ford,93,1997
Illinois,Franklin,129,4662
Illinois,Fulton,262,4623
Illinois,Gallatin,15,419
Illinois,Greene,64,1414
Illinois,Grundy,415,8628
Illinois,Hamilton,66,1235
Illinois,Hancock,51,2870
Illinois,Hardin,0,338
Illinois,Henderson,71,884
Illinois,Henry,345,8188
Illinois,Iroquois,138,3000
Illinois,Jackson,1937,12397
Illinois,Jasper,53,1257
Illinois,Jefferson,83,4604
Illinois,Jersey,233,3675
Illinois,Jo Daviess,107,4245
Illinois,Johnson,39,1468
Illinois,Kane,5407,120761
Illinois,Kankakee,900,14986
Illinois,Kendall,1193,29060
Illinois,Knox,276,6697
Illinois,Lake,10036,211275
Illinois,LaSalle,664,14136
Illinois,Lawrence,13,1615
Illinois,Lee,111,4688
Illinois,Livingston,156,4192
Illinois,Logan,385,3934
Illinois,McDonough,431,5879
Illinois,McHenry,3292,73725
Illinois,McLean,3253,46806
Illinois,Macon,544,17044
Illinois,Macoupin,323,5941
Illinois,Madison,2010,51420
Illinois,Marion,124,4246
Illinois,Marshall,49,1524
Illinois,Mason,55,1616
Illinois,Massac,35,1384
Illinois,Menard,91,2016
Illinois,Mercer,53,1995
Illinois,Monroe,100,8938
Illinois,Montgomery,135,3773
Illinois,Morgan,319,4737
Illinois,Moultrie,60,2014
Illinois,Ogle,202,7724
Illinois,Peoria,1984,37935
Illinois,Perry,77,1777
Illinois,Piatt,130,3453
Illinois,Pike,64,1694
Illinois,Pope,0,560
Illinois,Pulaski,9,450
Illinois,Putnam,29,807
Illinois,Randolph,104,3005
Illinois,Richland,48,2299
Illinois,Rock Island,1113,23410
Illinois,St. Clair,2138,51740
Illinois,Saline,34,3396
Illinois,Sangamon,2063,46568
Illinois,Schuyler,0,1079
Illinois,Scott,40,749
Illinois,Shelby,104,2572
Illinois,Stark,25,704
Illinois,Stephenson,249,6619
Illinois,Tazewell,877,24127
Illinois,Union,59,2805
Illinois,Vermilion,173,8140
Illinois,Wabash,117,1540
Illinois,Warren,163,2518
Illinois,Washington,54,2118
Illinois,Wayne,60,1639
Illinois,White,66,1694
Illinois,Whiteside,271,7392
Illinois,Will,8191,158426
Illinois,Williamson,306,12221
Illinois,Winnebago,2026,44510
Illinois,Woodford,386,8800
Indiana,Adams,224,3186
Indiana,Allen,3185,70881
Indiana,Bartholomew,1189,19252
Indiana,Benton,23,1077
Indiana,Blackford,97,1157
Indiana,Boone,1315,22516
Indiana,Brown,20,3374
Indiana,Carroll,38,2170
Indiana,Cass,218,3371
Indiana,Clark,710,16873
Indiana,Clay,48,3015
Indiana,Clinton,162,3102
Indiana,Crawford,25,778
Indiana,Daviess,58,2645
Indiana,Dearborn,424,8880
Indiana,Decatur,441,3495
Indiana,DeKalb,283,5262
Indiana,Delaware,2114,17690
Indiana,Dubois,242,7375
Indiana,Elkhart,1510,25479
Indiana,Fayette,155,2386
Indiana,Floyd,730,16206
Indiana,Fountain,57,1619
Indiana,Franklin,182,3186
Indiana,Fulton,58,2010
Indiana,Gibson,95,4258
Indiana,Grant,453,8018
Indiana,Greene,126,3386
Indiana,Hamilton,5769,128224
Indiana,Hancock,388,16845
Indiana,Harrison,136,5221
Indiana,Hendricks,1417,43277
Indiana,Henry,183,5621
Indiana,Howard,529,12073
Indiana,Huntington,313,5254
Indiana,Jackson,145,5369
Indiana,Jasper,193,3432
Indiana,Jay,145,1730
Indiana,Jefferson,219,3889
Indiana,Jennings,143,2413
Indiana,Johnson,1649,33695
Indiana,Knox,153,4048
Indiana,Kosciusko,511,12882
Indiana,LaGrange,57,2670
Indiana,Lake,3452,76066
Indiana,LaPorte,916,14761
Indiana,Lawrence,150,6050
Indiana,Madison,773,16476
Indiana,Marion,13066,202829
Indiana,Marshall,223,6105
Indiana,Martin,74,901
Indiana,Miami,212,3417
Indiana,Monroe,5556,38698
Indiana,Montgomery,118,5449
Indiana,Morgan,489,9052
Indiana,Newton,53,1190
Indiana,Noble,269,4919
Indiana,Ohio,18,634
Indiana,Orange,118,1765
Indiana,Owen,155,2205
Indiana,Parke,75,1484
Indiana,Perry,73,2179
Indiana,Pike,162,1351
Indiana,Porter,1475,33501
Indiana,Posey,200,4143
Indiana,Pulaski,51,1119
Indiana,Putnam,175,4221
Indiana,Randolph,66,2817
Indiana,Ripley,148,3785
Indiana,Rush,18,1767
Indiana,St. Joseph,3646,54863
Indiana,Scott,98,2176
Indiana,Shelby,179,5884
Indiana,Spencer,111,2507
Indiana,Starke,62,1832
Indiana,Steuben,286,5381
Indiana,Sullivan,146,1895
Indiana,Switzerland,13,687
Indiana,Tippecanoe,6345,42667
Indiana,Tipton,147,2813
Indiana,Union,62,978
Indiana,Vanderburgh,1918,33513
Indiana,Vermillion,40,1713
Indiana,Vigo,1441,17268
Indiana,Wabash,206,4057
Indiana,Warren,66,1093
Indiana,Warrick,431,14248
Indiana,Washington,134,2406
Indiana,Wayne,253,9003
Indiana,Wells,150,3560
Indiana,White,54,2786
Indiana,Whitley,218,5290
Iowa,Adair,23,995
Iowa,Adams,2,459
Iowa,Allamakee,19,1755
Iowa,Appanoose,42,1629
Iowa,Audubon,50,754
Iowa,Benton,94,3631
Iowa,Black Hawk,1917,24462
Iowa,Boone,169,4745
Iowa,Bremer,250,5451
Iowa,Buchanan,131,3101
Iowa,Buena Vista,215,2593
Iowa,Butler,93,1867
Iowa,Calhoun,80,1367
Iowa,Carroll,119,3227
Iowa,Cass,8,2142
Iowa,Cedar,128,2751
Iowa,Cerro Gordo,196,7084
Iowa,Cherokee,13,1860
Iowa,Chickasaw,77,1462
Iowa,Clarke,45,1019
Iowa,Clay,256,2682
Iowa,Clayton,58,2163
Iowa,Clinton,235,6309
Iowa,Crawford,121,1658
Iowa,Dallas,1827,29862
Iowa,Davis,20,1048
Iowa,Decatur,71,1282
Iowa,Delaware,140,2053
Iowa,Des Moines,193,5436
Iowa,Dickinson,113,4138
Iowa,Dubuque,1340,20455
Iowa,Emmet,75,1203
Iowa,Fayette,193,2489
Iowa,Floyd,91,2133
Iowa,Franklin,119,1322
Iowa,Fremont,32,941
Iowa,Greene,89,1246
Iowa,Grundy,74,2346
Iowa,Guthrie,73,1522
Iowa,Hamilton,80,2526
Iowa,Hancock,70,1689
Iowa,Hardin,180,2590
Iowa,Harrison,96,1888
Iowa,Henry,100,3060
Iowa,Howard,46,1162
Iowa,Humboldt,127,1336
Iowa,Ida,44,828
Iowa,Iowa,133,2472
Iowa,Jackson,141,2673
Iowa,Jasper,132,5011
Iowa,Jefferson,173,4818
Iowa,Johnson,6176,48494
Iowa,Jones,59,2933
Iowa,Keokuk,29,1314
Iowa,Kossuth,109,1905
Iowa,Lee,78,4460
Iowa,Linn,2489,52015
Iowa,Louisa,45,1311
Iowa,Lucas,30,991
Iowa,Lyon,33,1469
Iowa,Madison,39,2805
Iowa,Mahaska,267,3166
Iowa,Marion,166,6784
Iowa,Marshall,557,5478
Iowa,Mills,71,2715
Iowa,Mitchell,81,1606
Iowa,Monona,108,988
Iowa,Monroe,51,1073
Iowa,Montgomery,12,1371
Iowa,Muscatine,509,6195
Iowa,O'Brien,98,2071
Iowa,Osceola,20,636
Iowa,Page,56,2268
Iowa,Palo Alto,29,1531
Iowa,Plymouth,271,3781
Iowa,Pocahontas,94,756
Iowa,Polk,6597,121176
Iowa,Pottawattamie,547,13915
Iowa,Poweshiek,167,3364
Iowa,Ringgold,7,652
Iowa,Sac,51,1229
Iowa,Scott,1698,38311
Iowa,Shelby,131,1736
Iowa,Sioux,690,6130
Iowa,Story,3125,26789
Iowa,Tama,111,1794
Iowa,Taylor,0,628
Iowa,Union,83,1893
Iowa,Van Buren,24,822
Iowa,Wapello,158,4728
Iowa,Warren,604,10523
Iowa,Washington,97,3297
Iowa,Wayne,4,619
Iowa,Webster,177,5173
Iowa,Winnebago,101,1635
Iowa,Winneshiek,232,3942
Iowa,Woodbury,804,15541
Iowa,Worth,99,971
Iowa,Wright,72,1436
Kansas,Allen,143,1551
Kansas,Anderson,14,982
Kansas,Atchison,119,2115
Kansas,Barber,14,638
Kansas,Barton,108,3800
Kansas,Bourbon,30,2023
Kansas,Brown,63,1245
Kansas,Butler,363,13406
Kansas,Chase,0,494
Kansas,Chautauqua,20,350
Kansas,Cherokee,84,2743
Kansas,Cheyenne,11,494
Kansas,Clark,13,436
Kansas,Clay,17,1576
Kansas,Cloud,33,1421
Kansas,Coffey,158,1389
Kansas,Comanche,0,225
Kansas,Cowley,267,5264
Kansas,Crawford,551,6942
Kansas,Decatur,4,426
Kansas,Dickinson,112,3168
Kansas,Doniphan,41,1027
Kansas,Douglas,4187,36324
Kansas,Edwards,0,418
Kansas,Elk,11,332
Kansas,Ellis,623,6749
Kansas,Ellsworth,72,1067
Kansas,Finney,222,3821
Kansas,Ford,174,3438
Kansas,Franklin,109,3464
Kansas,Geary,290,4099
Kansas,Gove,35,375
Kansas,Graham,8,466
Kansas,Grant,0,900
Kansas,Gray,43,881
Kansas,Greeley,6,192
Kansas,Greenwood,23,879
Kansas,Hamilton,0,305
Kansas,Harper,11,623
Kansas,Harvey,231,7262
Kansas,Haskell,12,445
Kansas,Hodgeman,0,430
Kansas,Jackson,126,1780
Kansas,Jefferson,55,3274
Kansas,Jewell,20,429
Kansas,Johnson,10458,227214
Kansas,Kearny,18,371
Kansas,Kingman,56,1210
Kansas,Kiowa,24,383
Kansas,Labette,92,2963
Kansas,Lane,8,244
Kansas,Leavenworth,756,18541
Kansas,Lincoln,11,545
Kansas,Linn,14,1204
Kansas,Logan,17,353
Kansas,Lyon,496,5349
Kansas,McPherson,319,5615
Kansas,Marion,39,2304
Kansas,Marshall,37,1301
Kansas,Meade,14,560
Kansas,Miami,262,7161
Kansas,Mitchell,54,1063
Kansas,Montgomery,138,4410
Kansas,Morris,20,1079
Kansas,Morton,0,298
Kansas,Nemaha,75,1782
Kansas,Neosho,60,2153
Kansas,Ness,45,437
Kansas,Norton,4,778
Kansas,Osage,51,2140
Kansas,Osborne,30,533
Kansas,Ottawa,52,975
Kansas,Pawnee,31,950
Kansas,Phillips,26,869
Kansas,Pottawatomie,53,5290
Kansas,Pratt,27,1782
Kansas,Rawlins,5,404
Kansas,Reno,243,8605
Kansas,Republic,38,941
Kansas,Rice,94,1348
Kansas,Riley,2576,17762
Kansas,Rooks,17,857
Kansas,Rush,59,463
Kansas,Russell,0,1152
Kansas,Saline,355,10056
Kansas,Scott,35,800
Kansas,Sedgwick,4693,105229
Kansas,Seward,207,1434
Kansas,Shawnee,1516,37806
Kansas,Sheridan,0,433
Kansas,Sherman,36,891
Kansas,Smith,18,566
Kansas,Stafford,10,789
Kansas,Stanton,22,241
Kansas,Stevens,1,419
Kansas,Sumner,133,3671
Kansas,Thomas,1,1256
Kansas,Trego,3,473
Kansas,Wabaunsee,11,1144
Kansas,Wallace,5,322
Kansas,Washington,22,811
Kansas,Wichita,0,344
Kansas,Wilson,7,1161
Kansas,Woodson,2,468
Kansas,Wyandotte,1519,19242
Kentucky,Adair,297,2405
Kentucky,Allen,69,2499
Kentucky,Anderson,148,3526
Kentucky,Ballard,2,884
Kentucky,Barren,61,4877
Kentucky,Bath,44,1282
Kentucky,Bell,111,1774
Kentucky,Boone,1120,28004
Kentucky,Bourbon,68,3177
Kentucky,Boyd,238,6849
Kentucky,Boyle,253,5196
Kentucky,Bracken,0,718
Kentucky,Breathitt,7,1462
Kentucky,Breckinridge,124,2031
Kentucky,Bullitt,385,8884
Kentucky,Butler,24,1250
Kentucky,Caldwell,42,1506
Kentucky,Calloway,708,7823
Kentucky,Campbell,1599,24124
Kentucky,Carlisle,27,471
Kentucky,Carroll,85,530
Kentucky,Carter,161,2541
Kentucky,Casey,53,1248
Kentucky,Christian,899,7604
Kentucky,Clark,273,5152
Kentucky,Clay,40,1364
Kentucky,Clinton,58,888
Kentucky,Crittenden,0,863
Kentucky,Cumberland,19,728
Kentucky,Daviess,797,16567
Kentucky,Edmonson,30,924
Kentucky,Elliott,37,511
Kentucky,Estill,32,1183
Kentucky,Fayette,7459,94488
Kentucky,Fleming,59,1517
Kentucky,Floyd,173,3004
Kentucky,Franklin,244,10975
Kentucky,Fulton,61,585
Kentucky,Gallatin,18,566
Kentucky,Garrard,66,2532
Kentucky,Grant,91,2229
Kentucky,Graves,225,4131
Kentucky,Grayson,45,1947
Kentucky,Green,21,924
Kentucky,Greenup,171,4146
Kentucky,Hancock,28,839
Kentucky,Hardin,639,16031
Kentucky,Harlan,66,1930
Kentucky,Harrison,323,2180
Kentucky,Hart,70,1452
Kentucky,Henderson,312,5799
Kentucky,Henry,39,1424
Kentucky,Hickman,5,722
Kentucky,Hopkins,130,5061
Kentucky,Jackson,0,959
Kentucky,Jefferson,9425,180570
Kentucky,Jessamine,381,10336
Kentucky,Johnson,177,2455
Kentucky,Kenton,1781,38375
Kentucky,Knott,33,1640
Kentucky,Knox,251,3168
Kentucky,Larue,37,1545
Kentucky,Laurel,234,6744
Kentucky,Lawrence,32,997
Kentucky,Lee,24,386
Kentucky,Leslie,35,680
Kentucky,Letcher,45,1701
Kentucky,Lewis,51,816
Kentucky,Lincoln,16,2136
Kentucky,Livingston,27,958
Kentucky,Logan,60,3189
Kentucky,Lyon,25,1018
Kentucky,McCracken,338,11787
Kentucky,McCreary,64,1038
Kentucky,McLean,17,934
Kentucky,Madison,1191,18157
Kentucky,Magoffin,75,903
Kentucky,Marion,74,1864
Kentucky,Marshall,101,4745
Kentucky,Martin,18,895
Kentucky,Mason,90,2531
Kentucky,Meade,26,3589
Kentucky,Menifee,74,555
Kentucky,Mercer,25,2817
Kentucky,Metcalfe,21,917
Kentucky,Monroe,20,999
Kentucky,Montgomery,74,2988
Kentucky,Morgan,56,1475
Kentucky,Muhlenberg,39,2843
Kentucky,Nelson,172,6057
Kentucky,Nicholas,35,438
Kentucky,Ohio,148,2128
Kentucky,Oldham,509,18929
Kentucky,Owen,173,1229
Kentucky,Owsley,0,459
Kentucky,Pendleton,75,1430
Kentucky,Perry,47,2647
Kentucky,Pike,476,5801
Kentucky,Powell,32,1462
Kentucky,Pulaski,313,7681
Kentucky,Robertson,1,210
Kentucky,Rockcastle,52,1530
Kentucky,Rowan,229,3661
Kentucky,Russell,40,1941
Kentucky,Scott,587,11131
Kentucky,Shelby,473,9243
Kentucky,Simpson,16,1480
Kentucky,Spencer,129,2832
Kentucky,Taylor,225,3939
Kentucky,Todd,47,1179
Kentucky,Trigg,34,1976
Kentucky,Trimble,42,904
Kentucky,Union,31,1050
Kentucky,Warren,2081,25693
Kentucky,Washington,54,1678
Kentucky,Wayne,97,1953
Kentucky,Webster,2,933
Kentucky,Whitley,348,4613
Kentucky,Wolfe,19,337
Kentucky,Woodford,201,6751
Louisiana,Acadia Parish,196,6310
Louisiana,Allen Parish,135,2197
Louisiana,Ascension Parish,944,22442
Louisiana,Assumption Parish,94,1990
Louisiana,Avoyelles Parish,74,3405
Louisiana,Beauregard Parish,239,4569
Louisiana,Bienville Parish,79,1155
Louisiana,Bossier Parish,945,21390
Louisiana,Caddo Parish,1399,40375
Louisiana,Calcasieu Parish,1632,29441
Louisiana,Caldwell Parish,0,998
Louisiana,Cameron Parish,40,832
Louisiana,Catahoula Parish,23,1049
Louisiana,Claiborne Parish,46,1502
Louisiana,Concordia Parish,58,1752
Louisiana,De Soto Parish,48,2658
Louisiana,East Baton Rouge Parish,7943,102959
Louisiana,East Carroll Parish,0,400
Louisiana,East Feliciana Parish,12,1887
Louisiana,Evangeline Parish,51,2830
Louisiana,Franklin Parish,35,1773
Louisiana,Grant Parish,196,1606
Louisiana,Iberia Parish,89,7087
Louisiana,Iberville Parish,167,3710
Louisiana,Jackson Parish,71,1519
Louisiana,Jefferson Parish,4153,84419
Louisiana,Jefferson Davis Parish,85,3852
Louisiana,Lafayette Parish,1758,54197
Louisiana,Lafourche Parish,546,11310
Louisiana,LaSalle Parish,11,1573
Louisiana,Lincoln Parish,1121,9051
Louisiana,Livingston Parish,584,18280
Louisiana,Madison Parish,21,1132
Louisiana,Morehouse Parish,122,2137
Louisiana,Natchitoches Parish,220,4591
Louisiana,Orleans Parish,3704,106076
Louisiana,Ouachita Parish,1439,25352
Louisiana,Plaquemines Parish,166,2808
Louisiana,Pointe Coupee Parish,0,2323
Louisiana,Rapides Parish,599,18804
Louisiana,Red River Parish,14,762
Louisiana,Richland Parish,31,2164
Louisiana,Sabine Parish,105,2169
Louisiana,St. Bernard Parish,187,4272
Louisiana,St. Charles Parish,595,10050
Louisiana,St. Helena Parish,4,1191
Louisiana,St. James Parish,116,2456
Louisiana,St. John the Baptist Parish,426,4939
Louisiana,St. Landry Parish,111,8111
Louisiana,St. Martin Parish,269,5415
Louisiana,St. Mary Parish,307,3339
Louisiana,St. Tammany Parish,2083,60733
Louisiana,Tangipahoa Parish,775,19178
Louisiana,Tensas Parish,17,594
Louisiana,Terrebonne Parish,640,11691
Louisiana,Union Parish,0,2703
Louisiana,Vermilion Parish,247,6447
Louisiana,Vernon Parish,420,5354
Louisiana,Washington Parish,212,3728
Louisiana,Webster Parish,178,4038
Louisiana,West Baton Rouge Parish,134,4087
Louisiana,West Carroll Parish,9,878
Louisiana,West Feliciana Parish,84,2808
Louisiana,Winn Parish,46,1699
Maine,Androscoggin,942,17097
Maine,Aroostook,399,9897
Maine,Cumberland,4686,102916
Maine,Franklin,251,5727
Maine,Hancock,435,14786
Maine,Kennebec,1244,25904
Maine,Knox,83,10334
Maine,Lincoln,259,9559
Maine,Oxford,338,8932
Maine,Penobscot,1490,30954
Maine,Piscataquis,83,2430
Maine,Sagadahoc,129,10048
Maine,Somerset,252,6739
Maine,Waldo,388,9305
Maine,Washington,98,5505
Maine,York,2247,49042
Maryland,Allegany,685,9635
Maryland,Anne Arundel,6645,170888
Maryland,Baltimore,10072,229013
Maryland,Calvert,1039,21621
Maryland,Caroline,180,4307
Maryland,Carroll,2386,43310
Maryland,Cecil,867,18035
Maryland,Charles,1266,32618
Maryland,Dorchester,237,4595
Maryland,Frederick,2915,72798
Maryland,Garrett,24,5056
Maryland,Harford,2562,65126
Maryland,Howard,5670,136792
Maryland,Kent,138,5050
Maryland,Montgomery,19797,427967
Maryland,Prince George's,10620,213156
Maryland,Queen Anne's,632,13053
Maryland,St. Mary's,1416,24107
Maryland,Somerset,174,2703
Maryland,Talbot,107,11134
Maryland,Washington,1122,23637
Maryland,Wicomico,1081,18258
Maryland,Worcester,283,11804
Maryland,Baltimore city,7968,138515
Massachusetts,Barnstable,2824,74952
Massachusetts,Berkshire,1155,32735
Massachusetts,Bristol,6343,115519
Massachusetts,Dukes,121,5857
Massachusetts,Essex,12044,222503
Massachusetts,Franklin,698,20456
Massachusetts,Hampden,3769,87433
Massachusetts,Hampshire,3042,48952
Massachusetts,Middlesex,42410,644709
Massachusetts,Nantucket,174,4212
Massachusetts,Norfolk,16517,270144
Massachusetts,Plymouth,6913,138366
Massachusetts,Suffolk,24031,266193
Massachusetts,Worcester,12510,212111
Michigan,Alcona,8,1580
Michigan,Alger,34,1352
Michigan,Allegan,815,18782
Michigan,Alpena,71,3797
Michigan,Antrim,130,5191
Michigan,Arenac,12,1466
Michigan,Baraga,62,940
Michigan,Barry,308,9858
Michigan,Bay,516,14722
Michigan,Benzie,122,4345
Michigan,Berrien,1078,29707
Michigan,Branch,115,4514
Michigan,Calhoun,579,19586
Michigan,Cass,202,7665
Michigan,Charlevoix,93,6274
Michigan,Cheboygan,122,4271
Michigan,Chippewa,393,5913
Michigan,Clare,74,2732
Michigan,Clinton,803,17498
Michigan,Crawford,79,2010
Michigan,Delta,150,5079
Michigan,Dickinson,97,4555
Michigan,Eaton,1040,22547
Michigan,Emmet,183,8416
Michigan,Genesee,2530,60164
Michigan,Gladwin,135,2703
Michigan,Gogebic,41,2250
Michigan,Grand Traverse,752,25740
Michigan,Gratiot,335,4664
Michigan,Hillsdale,228,5942
Michigan,Houghton,941,7098
Michigan,Huron,144,3683
Michigan,Ingham,7228,69765
Michigan,Ionia,291,7468
Michigan,Iosco,105,3027
Michigan,Iron,86,1634
Michigan,Isabella,1925,11551
Michigan,Jackson,557,24870
Michigan,Kalamazoo,5098,66147
Michigan,Kalkaska,65,1844
Michigan,Kent,9292,159668
Michigan,Keweenaw,27,619
Michigan,Lake,26,1239
Michigan,Lapeer,302,11489
Michigan,Leelanau,106,7858
Michigan,Lenawee,379,14423
Michigan,Livingston,2005,49198
Michigan,Luce,48,946
Michigan,Mackinac,55,2019
Michigan,Macomb,8590,159835
Michigan,Manistee,115,4134
Michigan,Marquette,960,15114
Michigan,Mason,100,4675
Michigan,Mecosta,791,6302
Michigan,Menominee,61,3011
Michigan,Midland,968,20410
Michigan,Missaukee,51,1662
Michigan,Monroe,660,22341
Michigan,Montcalm,249,6452
Michigan,Montmorency,80,1093
Michigan,Muskegon,763,23532
Michigan,Newaygo,145,5859
Michigan,Oakland,19232,427086
Michigan,Oceana,76,3615
Michigan,Ogemaw,32,1936
Michigan,Ontonagon,10,733
Michigan,Osceola,76,2467
Michigan,Oscoda,20,742
Michigan,Otsego,99,4502
Michigan,Ottawa,3761,63605
Michigan,Presque Isle,47,1873
Michigan,Roscommon,99,3102
Michigan,Saginaw,993,29135
Michigan,St. Clair,688,21650
Michigan,St. Joseph,173,6563
Michigan,Sanilac,133,4348
Michigan,Schoolcraft,23,1175
Michigan,Shiawassee,226,8558
Michigan,Tuscola,217,5116
Michigan,Van Buren,233,10828
Michigan,Washtenaw,14532,131273
Michigan,Wayne,15143,299012
Michigan,Wexford,110,4583
Minnesota,Aitkin,46,2280
Minnesota,Anoka,2845,73391
Minnesota,Becker,216,6035
Minnesota,Beltrami,465,8628
Minnesota,Benton,348,6221
Minnesota,Big Stone,84,654
Minnesota,Blue Earth,1280,13651
Minnesota,Brown,288,3895
Minnesota,Carlton,153,5666
Minnesota,Carver,1227,33289
Minnesota,Cass,45,5397
Minnesota,Chippewa,184,1622
Minnesota,Chisago,322,8656
Minnesota,Clay,697,13284
Minnesota,Clearwater,37,1069
Minnesota,Cook,39,1934
Minnesota,Cottonwood,23,1596
Minnesota,Crow Wing,303,12150
Minnesota,Dakota,6130,122588
Minnesota,Dodge,128,3779
Minnesota,Douglas,164,7366
Minnesota,Faribault,86,1939
Minnesota,Fillmore,144,3256
Minnesota,Freeborn,139,3713
Minnesota,Goodhue,461,8621
Minnesota,Grant,34,758
Minnesota,Hennepin,24730,445598
Minnesota,Houston,163,3226
Minnesota,Hubbard,109,4419
Minnesota,Isanti,325,4998
Minnesota,Itasca,174,8071
Minnesota,Jackson,107,1611
Minnesota,Kanabec,52,1695
Minnesota,Kandiyohi,419,7041
Minnesota,Kittson,12,808
Minnesota,Koochiching,72,1402
Minnesota,Lac qui Parle,100,924
Minnesota,Lake,14,2253
Minnesota,Lake of the Woods,15,598
Minnesota,Le Sueur,278,4493
Minnesota,Lincoln,60,764
Minnesota,Lyon,252,4313
Minnesota,McLeod,218,4296
Minnesota,Mahnomen,20,432
Minnesota,Marshall,73,1210
Minnesota,Martin,47,3050
Minnesota,Meeker,86,2871
Minnesota,Mille Lacs,124,2866
Minnesota,Morrison,197,3974
Minnesota,Mower,298,6049
Minnesota,Murray,66,1230
Minnesota,Nicollet,391,7646
Minnesota,Nobles,217,2255
Minnesota,Norman,96,958
Minnesota,Olmsted,2797,49413
Minnesota,Otter Tail,339,10793
Minnesota,Pennington,114,1911
Minnesota,Pine,106,3287
Minnesota,Pipestone,80,1201
Minnesota,Polk,229,5756
Minnesota,Pope,67,1822
Minnesota,Ramsey,8944,157352
Minnesota,Red Lake,7,478
Minnesota,Redwood,130,1972
Minnesota,Renville,72,1534
Minnesota,Rice,526,12079
Minnesota,Rock,62,1538
Minnesota,Roseau,114,1974
Minnesota,St. Louis,3199,41142
Minnesota,Scott,1825,38960
Minnesota,Sherburne,675,16141
Minnesota,Sibley,114,1710
Minnesota,Stearns,2198,27579
Minnesota,Steele,264,6621
Minnesota,Stevens,215,1755
Minnesota,Swift,72,1408
Minnesota,Todd,114,2375
Minnesota,Traverse,10,381
Minnesota,Wabasha,201,3785
Minnesota,Wadena,85,1564
Minnesota,Waseca,142,2850
Minnesota,Washington,3555,79942
Minnesota,Watonwan,76,1304
Minnesota,Wilkin,46,1054
Minnesota,Winona,590,9868
Minnesota,Wright,1134,27402
Minnesota,Yellow Medicine,35,1135
Mississippi,Adams,34,3874
Mississippi,Alcorn,97,4562
Mississippi,Amite,58,1086
Mississippi,Attala,59,1835
Mississippi,Benton,55,598
Mississippi,Bolivar,124,5164
Mississippi,Calhoun,36,1110
Mississippi,Carroll,48,1091
Mississippi,Chickasaw,0,1411
Mississippi,Choctaw,29,1171
Mississippi,Claiborne,66,1083
Mississippi,Clarke,39,1390
Mississippi,Clay,60,2721
Mississippi,Coahoma,90,2534
Mississippi,Copiah,117,3167
Mississippi,Covington,75,1821
Mississippi,DeSoto,989,29732
Mississippi,Forrest,724,13000
Mississippi,Franklin,0,677
Mississippi,George,168,2241
Mississippi,Greene,1,1080
Mississippi,Grenada,23,2867
Mississippi,Hancock,182,8953
Mississippi,Harrison,1900,32522
Mississippi,Hinds,2107,46135
Mississippi,Holmes,96,1278
Mississippi,Humphreys,14,783
Mississippi,Issaquena,0,34
Mississippi,Itawamba,44,2185
Mississippi,Jackson,738,22025
Mississippi,Jasper,67,1686
Mississippi,Jefferson,89,924
Mississippi,Jefferson Davis,31,1130
Mississippi,Jones,207,9344
Mississippi,Kemper,482,801
Mississippi,Lafayette,1366,14616
Mississippi,Lamar,412,13939
Mississippi,Lauderdale,313,10773
Mississippi,Lawrence,23,1522
Mississippi,Leake,36,2361
Mississippi,Lee,452,15282
Mississippi,Leflore,164,3330
Mississippi,Lincoln,161,3687
Mississippi,Lowndes,492,9408
Mississippi,Madison,1967,34977
Mississippi,Marion,22,2186
Mississippi,Marshall,159,3398
Mississippi,Monroe,164,4051
Mississippi,Montgomery,33,1329
Mississippi,Neshoba,150,2534
Mississippi,Newton,44,2263
Mississippi,Noxubee,0,812
Mississippi,Oktibbeha,1422,11070
Mississippi,Panola,139,3693
Mississippi,Pearl River,129,5602
Mississippi,Perry,41,830
Mississippi,Pike,128,4077
Mississippi,Pontotoc,174,3831
Mississippi,Prentiss,2,2385
Mississippi,Quitman,24,530
Mississippi,Rankin,1788,32251
Mississippi,Scott,23,2074
Mississippi,Sharkey,3,564
Mississippi,Simpson,12,3189
Mississippi,Smith,14,1442
Mississippi,Stone,10,1868
Mississippi,Sunflower,113,2864
Mississippi,Tallahatchie,97,1114
Mississippi,Tate,72,3214
Mississippi,Tippah,10,1993
Mississippi,Tishomingo,59,1615
Mississippi,Tunica,0,975
Mississippi,Union,235,2680
Mississippi,Walthall,73,1504
Mississippi,Warren,160,7165
Mississippi,Washington,181,6039
Mississippi,Wayne,199,2721
Mississippi,Webster,67,1185
Mississippi,Wilkinson,0,868
Mississippi,Winston,16,2029
Mississippi,Yalobusha,70,1061
Mississippi,Yazoo,172,2283
Missouri,Adair,684,4280
Missouri,Andrew,243,3251
Missouri,Atchison,75,872
Missouri,Audrain,132,2506
Missouri,Barry,277,3764
Missouri,Barton,22,1527
Missouri,Bates,83,1665
Missouri,Benton,53,2193
Missouri,Bollinger,34,939
Missouri,Boone,4766,51964
Missouri,Buchanan,795,13077
Missouri,Butler,105,3811
Missouri,Caldwell,50,932
Missouri,Callaway,366,7246
Missouri,Camden,69,7762
Missouri,Cape Girardeau,1313,16170
Missouri,Carroll,25,1088
Missouri,Carter,0,617
Missouri,Cass,625,19312
Missouri,Cedar,23,1343
Missouri,Chariton,19,971
Missouri,Christian,266,18058
Missouri,Clark,18,586
Missouri,Clay,1977,54878
Missouri,Clinton,73,3115
Missouri,Cole,978,18796
Missouri,Cooper,119,2683
Missouri,Crawford,11,1994
Missouri,Dade,7,756
Missouri,Dallas,0,1327
Missouri,Daviess,33,1147
Missouri,DeKalb,76,1385
Missouri,Dent,10,1645
Missouri,Douglas,5,1255
Missouri,Dunklin,32,2734
Missouri,Franklin,630,15309
Missouri,Gasconade,73,2274
Missouri,Gentry,17,899
Missouri,Greene,4218,60184
Missouri,Grundy,73,1201
Missouri,Harrison,39,913
Missouri,Henry,55,2438
Missouri,Hickory,44,620
Missouri,Holt,19,589
Missouri,Howard,100,1880
Missouri,Howell,86,4765
Missouri,Iron,18,878
Missouri,Jackson,7840,153485
Missouri,Jasper,830,18021
Missouri,Jefferson,1129,32881
Missouri,Johnson,644,9339
Missouri,Knox,9,409
Missouri,Laclede,236,3629
Missouri,Lafayette,48,4733
Missouri,Lawrence,73,4048
Missouri,Lewis,43,934
Missouri,Lincoln,243,6886
Missouri,Linn,76,1529
Missouri,Livingston,70,2011
Missouri,McDonald,100,1733
Missouri,Macon,92,1823
Missouri,Madison,58,1192
Missouri,Maries,35,999
Missouri,Marion,199,4773
Missouri,Mercer,6,464
Missouri,Miller,67,3318
Missouri,Mississippi,52,1193
Missouri,Moniteau,70,2034
Missouri,Monroe,8,854
Missouri,Montgomery,36,1324
Missouri,Morgan,10,1826
Missouri,New Madrid,94,1445
Missouri,Newton,227,8569
Missouri,Nodaway,199,3405
Missouri,Oregon,30,1116
Missouri,Osage,112,1893
Missouri,Ozark,10,805
Missouri,Pemiscot,54,1286
Missouri,Perry,188,2524
Missouri,Pettis,103,5196
Missouri,Phelps,843,8329
Missouri,Pike,59,1888
Missouri,Platte,1206,30181
Missouri,Polk,268,4246
Missouri,Pulaski,659,8157
Missouri,Putnam,3,684
Missouri,Ralls,63,1126
Missouri,Randolph,74,3072
Missouri,Ray,96,2265
Missouri,Reynolds,3,723
Missouri,Ripley,41,1029
Missouri,St. Charles,4167,110915
Missouri,St. Clair,48,1016
Missouri,Ste. Genevieve,214,2292
Missouri,St. Francois,50,6603
Missouri,St. Louis,15853,307398
Missouri,Saline,137,3364
Missouri,Schuyler,30,280
Missouri,Scotland,42,457
Missouri,Scott,226,5180
Missouri,Shannon,0,848
Missouri,Shelby,13,802
Missouri,Stoddard,48,2519
Missouri,Stone,156,4895
Missouri,Sullivan,34,656
Missouri,Taney,601,8205
Missouri,Texas,86,2678
Missouri,Vernon,167,2406
Missouri,Warren,145,4695
Missouri,Washington,33,1965
Missouri,Wayne,5,952
Missouri,Webster,73,4474
Missouri,Worth,7,263
Missouri,Wright,40,1346
Missouri,St. Louis city,5250,81399
Montana,Beaverhead,120,2102
Montana,Big Horn,101,1402
Montana,Blaine,11,1017
Montana,Broadwater,18,1184
Montana,Carbon,45,2588
Montana,Carter,12,207
Montana,Cascade,629,15230
Montana,Chouteau,23,1154
Montana,Custer,63,2287
Montana,Daniels,0,301
Montana,Dawson,39,1608
Montana,Deer Lodge,11,1440
Montana,Fallon,12,307
Montana,Fergus,42,2224
Montana,Flathead,486,23242
Montana,Gallatin,3093,36859
Montana,Garfield,0,150
Montana,Glacier,70,1899
Montana,Golden Valley,0,139
Montana,Granite,7,775
Montana,Hill,161,2731
Montana,Jefferson,116,3087
Montana,Judith Basin,11,361
Montana,Lake,122,6583
Montana,Lewis and Clark,683,20552
Montana,Liberty,17,384
Montana,Lincoln,14,2999
Montana,McCone,10,209
Montana,Madison,31,2285
Montana,Meagher,12,360
Montana,Mineral,5,726
Montana,Missoula,2077,35675
Montana,Musselshell,63,620
Montana,Park,145,4079
Montana,Petroleum,0,94
Montana,Phillips,2,523
Montana,Pondera,17,975
Montana,Powder River,42,296
Montana,Powell,7,939
Montana,Prairie,0,236
Montana,Ravalli,168,9233
Montana,Richland,102,1370
Montana,Roosevelt,8,1199
Montana,Rosebud,42,1020
Montana,Sanders,12,1727
Montana,Sheridan,25,614
Montana,Silver Bow,235,6573
Montana,Stillwater,3,1798
Montana,Sweet Grass,32,572
Montana,Teton,54,1060
Montana,Toole,6,783
Montana,Treasure,2,146
Montana,Valley,58,1019
Montana,Wheatland,14,303
Montana,Wibaux,28,172
Montana,Yellowstone,907,36078
Nebraska,Adams,274,5221
Nebraska,Antelope,69,788
Nebraska,Arthur,0,74
Nebraska,Banner,0,124
Nebraska,Blaine,0,87
Nebraska,Boone,13,690
Nebraska,Box Butte,14,1332
Nebraska,Boyd,21,266
Nebraska,Brown,42,513
Nebraska,Buffalo,467,10275
Nebraska,Burt,42,1036
Nebraska,Butler,25,1315
Nebraska,Cass,185,5255
Nebraska,Cedar,67,1195
Nebraska,Chase,34,583
Nebraska,Cherry,126,967
Nebraska,Cheyenne,54,1683
Nebraska,Clay,48,846
Nebraska,Colfax,200,980
Nebraska,Cuming,54,1400
Nebraska,Custer,110,1848
Nebraska,Dakota,324,1815
Nebraska,Dawes,268,2039
Nebraska,Dawson,139,2535
Nebraska,Deuel,4,270
Nebraska,Dixon,27,860
Nebraska,Dodge,448,4806
Nebraska,Douglas,7353,148488
Nebraska,Dundy,44,368
Nebraska,Fillmore,42,915
Nebraska,Franklin,18,409
Nebraska,Frontier,41,416
Nebraska,Furnas,53,637
Nebraska,Gage,71,3135
Nebraska,Garden,5,336
Nebraska,Garfield,22,442
Nebraska,Gosper,17,458
Nebraska,Grant,2,106
Nebraska,Greeley,11,284
Nebraska,Hall,388,8361
Nebraska,Hamilton,35,1563
Nebraska,Harlan,62,565
Nebraska,Hayes,0,122
Nebraska,Hitchcock,4,311
Nebraska,Holt,40,1684
Nebraska,Hooker,37,128
Nebraska,Howard,47,972
Nebraska,Jefferson,80,948
Nebraska,Johnson,7,694
Nebraska,Kearney,39,1174
Nebraska,Keith,22,1154
Nebraska,Keya Paha,0,155
Nebraska,Kimball,6,349
Nebraska,Knox,58,1148
Nebraska,Lancaster,7657,78221
Nebraska,Lincoln,78,5264
Nebraska,Logan,0,133
Nebraska,Loup,7,103
Nebraska,McPherson,8,81
Nebraska,Madison,264,5422
Nebraska,Merrick,43,944
Nebraska,Morrill,45,718
Nebraska,Nance,8,461
Nebraska,Nemaha,12,1283
Nebraska,Nuckolls,16,719
Nebraska,Otoe,140,2764
Nebraska,Pawnee,18,293
Nebraska,Perkins,3,542
Nebraska,Phelps,84,1596
Nebraska,Pierce,20,1196
Nebraska,Platte,192,5123
Nebraska,Polk,21,698
Nebraska,Red Willow,169,1678
Nebraska,Richardson,14,1077
Nebraska,Rock,12,295
Nebraska,Saline,111,1724
Nebraska,Sarpy,1802,47811
Nebraska,Saunders,225,4049
Nebraska,Scotts Bluff,199,5554
Nebraska,Seward,191,3342
Nebraska,Sheridan,26,758
Nebraska,Sherman,40,477
Nebraska,Sioux,13,227
Nebraska,Stanton,23,795
Nebraska,Thayer,71,741
Nebraska,Thomas,10,106
Nebraska,Thurston,61,739
Nebraska,Valley,12,807
Nebraska,Washington,180,4491
Nebraska,Wayne,88,1724
Nebraska,Webster,30,554
Nebraska,Wheeler,0,147
Nebraska,York,260,2533
Nevada,Churchill,122,3154
Nevada,Clark,10871,384522
Nevada,Douglas,174,12000
Nevada,Elko,204,5711
Nevada,Esmeralda,0,149
Nevada,Eureka,0,142
Nevada,Humboldt,84,2106
Nevada,Lander,0,479
Nevada,Lincoln,0,602
Nevada,Lyon,0,5586
Nevada,Mineral,0,475
Nevada,Nye,48,4346
Nevada,Pershing,7,530
Nevada,Storey,0,1016
Nevada,Washoe,4088,102156
Nevada,White Pine,0,920
Nevada,Carson City,124,9103
NewHampshire,Belknap,542,14456
NewHampshire,Carroll,290,14058
NewHampshire,Cheshire,785,18044
NewHampshire,Coos,266,4775
NewHampshire,Grafton,1334,26905
NewHampshire,Hillsborough,5755,113726
NewHampshire,Merrimack,1496,38633
NewHampshire,Rockingham,4391,94312
NewHampshire,Strafford,2740,30226
NewHampshire,Sullivan,266,9550
NewJersey,Atlantic,2759,53098
NewJersey,Bergen,18351,333509
NewJersey,Burlington,5580,121559
NewJersey,Camden,6676,112738
NewJersey,Cape May,832,23444
NewJersey,Cumberland,1107,16899
NewJersey,Essex,9944,195110
NewJersey,Gloucester,4063,68388
NewJersey,Hudson,12150,211641
NewJersey,Hunterdon,2254,48426
NewJersey,Mercer,6262,108064
NewJersey,Middlesex,11096,252313
NewJersey,Monmouth,12358,206917
NewJersey,Morris,10648,191526
NewJersey,Ocean,7152,129422
NewJersey,Passaic,6182,98692
NewJersey,Salem,833,9552
NewJersey,Somerset,6660,128232
NewJersey,Sussex,1799,37222
NewJersey,Union,7449,140121
NewJersey,Warren,1331,26189
NewMexico,Bernalillo,5860,165802
NewMexico,Catron,0,476
NewMexico,Chaves,262,7321
NewMexico,Cibola,33,3154
NewMexico,Colfax,24,1954
NewMexico,Curry,202,6170
NewMexico,De Baca,42,125
NewMexico,Do√±a Ana,2881,39154
NewMexico,Eddy,488,6433
NewMexico,Grant,127,5115
NewMexico,Guadalupe,0,292
NewMexico,Harding,0,80
NewMexico,Hidalgo,17,601
NewMexico,Lea,166,6160
NewMexico,Lincoln,70,3739
NewMexico,Los Alamos,279,9098
NewMexico,Luna,32,2019
NewMexico,McKinley,119,5121
NewMexico,Mora,0,628
NewMexico,Otero,363,8365
NewMexico,Quay,10,927
NewMexico,Rio Arriba,42,4944
NewMexico,Roosevelt,283,2378
NewMexico,Sandoval,548,30989
NewMexico,San Juan,246,12581
NewMexico,San Miguel,146,4346
NewMexico,Santa Fe,714,45681
NewMexico,Sierra,97,1930
NewMexico,Socorro,53,2388
NewMexico,Taos,50,7986
NewMexico,Torrance,78,1659
NewMexico,Union,31,370
NewMexico,Valencia,246,10302
NewYork,Albany,10181,89318
NewYork,Allegany,355,6844
NewYork,Bronx,13904,188933
NewYork,Broome,4001,36742
NewYork,Cattaraugus,371,10496
NewYork,Cayuga,419,12220
NewYork,Chautauqua,816,20617
NewYork,Chemung,559,13970
NewYork,Chenango,263,6475
NewYork,Clinton,1114,13483
NewYork,Columbia,679,15390
NewYork,Cortland,715,8059
NewYork,Delaware,196,7261
NewYork,Dutchess,4058,75216
NewYork,Erie,13279,227537
NewYork,Essex,231,8574
NewYork,Franklin,282,7366
NewYork,Fulton,293,7031
NewYork,Genesee,328,9049
NewYork,Greene,279,8505
NewYork,Hamilton,14,692
NewYork,Herkimer,609,9238
NewYork,Jefferson,938,15932
NewYork,Kings,41188,691506
NewYork,Lewis,203,3370
NewYork,Livingston,701,11718
NewYork,Madison,650,12801
NewYork,Monroe,11755,201890
NewYork,Montgomery,389,6379
NewYork,Nassau,28471,441749
NewYork,New York,49428,777483
NewYork,Niagara,2545,38652
NewYork,Oneida,2645,42289
NewYork,Onondaga,7477,114310
NewYork,Ontario,1281,27855
NewYork,Orange,5102,75297
NewYork,Orleans,98,4832
NewYork,Oswego,1196,16082
NewYork,Otsego,644,13363
NewYork,Putnam,1902,28953
NewYork,Queens,29787,549043
NewYork,Rensselaer,2531,37969
NewYork,Richmond,8090,115246
NewYork,Rockland,4919,85250
NewYork,St. Lawrence,562,16890
NewYork,Saratoga,3977,69240
NewYork,Schenectady,1732,34501
NewYork,Schoharie,321,5279
NewYork,Schuyler,66,3062
NewYork,Seneca,338,5267
NewYork,Steuben,817,16733
NewYork,Suffolk,24660,385916
NewYork,Sullivan,493,14158
NewYork,Tioga,463,9059
NewYork,Tompkins,5308,31848
NewYork,Ulster,1984,43267
NewYork,Warren,662,15496
NewYork,Washington,633,9031
NewYork,Wayne,512,15166
NewYork,Westchester,18718,333530
NewYork,Wyoming,310,5292
NewYork,Yates,226,4072
NorthCarolina,Alamance,1082,28301
NorthCarolina,Alexander,234,3826
NorthCarolina,Alleghany,119,1768
NorthCarolina,Anson,137,1952
NorthCarolina,Ashe,161,4124
NorthCarolina,Avery,67,3171
NorthCarolina,Beaufort,160,7113
NorthCarolina,Bertie,20,2074
NorthCarolina,Bladen,56,4344
NorthCarolina,Brunswick,351,32133
NorthCarolina,Buncombe,1927,79322
NorthCarolina,Burke,449,11037
NorthCarolina,Cabarrus,1870,47123
NorthCarolina,Caldwell,478,9369
NorthCarolina,Camden,35,1524
NorthCarolina,Carteret,302,15036
NorthCarolina,Caswell,235,2609
NorthCarolina,Catawba,1353,25387
NorthCarolina,Chatham,477,23516
NorthCarolina,Cherokee,131,4805
NorthCarolina,Chowan,44,2307
NorthCarolina,Clay,0,2347
NorthCarolina,Cleveland,601,13135
NorthCarolina,Columbus,234,5068
NorthCarolina,Craven,611,16899
NorthCarolina,Cumberland,2707,53183
NorthCarolina,Currituck,163,4913
NorthCarolina,Dare,343,10558
NorthCarolina,Davidson,1366,22226
NorthCarolina,Davie,172,7397
NorthCarolina,Duplin,218,5838
NorthCarolina,Durham,6847,108453
NorthCarolina,Edgecombe,196,5879
NorthCarolina,Forsyth,4293,86341
NorthCarolina,Franklin,358,10046
NorthCarolina,Gaston,1253,33981
NorthCarolina,Gates,64,1045
NorthCarolina,Graham,0,819
NorthCarolina,Granville,293,10103
NorthCarolina,Greene,33,1561
NorthCarolina,Guilford,5684,130366
NorthCarolina,Halifax,110,5291
NorthCarolina,Harnett,928,19342
NorthCarolina,Haywood,515,12970
NorthCarolina,Henderson,548,27352
NorthCarolina,Hertford,154,2654
NorthCarolina,Hoke,149,6472
NorthCarolina,Hyde,0,402
NorthCarolina,Iredell,1175,36698
NorthCarolina,Jackson,662,7968
NorthCarolina,Johnston,612,32484
NorthCarolina,Jones,51,1017
NorthCarolina,Lee,323,8483
NorthCarolina,Lenoir,349,6097
NorthCarolina,Lincoln,556,14036
NorthCarolina,McDowell,239,6109
NorthCarolina,Macon,142,6349
NorthCarolina,Madison,157,4694
NorthCarolina,Martin,105,2482
NorthCarolina,Mecklenburg,16837,338590
NorthCarolina,Mitchell,65,2464
NorthCarolina,Montgomery,185,3108
NorthCarolina,Moore,509,27871
NorthCarolina,Nash,653,13842
NorthCarolina,New Hanover,3605,67230
NorthCarolina,Northampton,0,2263
NorthCarolina,Onslow,1269,25116
NorthCarolina,Orange,4355,55545
NorthCarolina,Pamlico,36,2152
NorthCarolina,Pasquotank,203,6342
NorthCarolina,Pender,162,12616
NorthCarolina,Perquimans,15,1992
NorthCarolina,Person,152,4444
NorthCarolina,Pitt,3714,35349
NorthCarolina,Polk,107,5265
NorthCarolina,Randolph,526,16071
NorthCarolina,Richmond,175,5443
NorthCarolina,Robeson,426,11970
NorthCarolina,Rockingham,227,10019
NorthCarolina,Rowan,810,19334
NorthCarolina,Rutherford,470,9247
NorthCarolina,Sampson,350,6132
NorthCarolina,Scotland,211,3665
NorthCarolina,Stanly,325,7679
NorthCarolina,Stokes,113,4503
NorthCarolina,Surry,457,9103
NorthCarolina,Swain,29,2018
NorthCarolina,Transylvania,87,8811
NorthCarolina,Tyrrell,97,322
NorthCarolina,Union,1966,54397
NorthCarolina,Vance,160,5288
NorthCarolina,Wake,21772,395000
NorthCarolina,Warren,64,2224
NorthCarolina,Washington,10,1058
NorthCarolina,Watauga,1600,13965
NorthCarolina,Wayne,507,16330
NorthCarolina,Wilkes,229,7888
NorthCarolina,Wilson,620,11154
NorthCarolina,Yadkin,219,3475
NorthCarolina,Yancey,42,2706
NorthDakota,Adams,9,380
NorthDakota,Barnes,65,2286
NorthDakota,Benson,10,683
NorthDakota,Billings,0,167
NorthDakota,Bottineau,103,1119
NorthDakota,Bowman,5,410
NorthDakota,Burke,0,331
NorthDakota,Burleigh,1096,23545
NorthDakota,Cass,4681,46540
NorthDakota,Cavalier,58,615
NorthDakota,Dickey,41,907
NorthDakota,Divide,0,269
NorthDakota,Dunn,0,587
NorthDakota,Eddy,23,363
NorthDakota,Emmons,75,470
NorthDakota,Foster,71,580
NorthDakota,Golden Valley,2,320
NorthDakota,Grand Forks,1897,15110
NorthDakota,Grant,32,321
NorthDakota,Griggs,51,471
NorthDakota,Hettinger,8,298
NorthDakota,Kidder,4,299
NorthDakota,LaMoure,68,750
NorthDakota,Logan,22,282
NorthDakota,McHenry,26,839
NorthDakota,McIntosh,58,294
NorthDakota,McKenzie,208,2230
NorthDakota,McLean,58,1461
NorthDakota,Mercer,115,1247
NorthDakota,Morton,421,5941
NorthDakota,Mountrail,29,1410
NorthDakota,Nelson,19,576
NorthDakota,Oliver,0,269
NorthDakota,Pembina,95,1087
NorthDakota,Pierce,87,817
NorthDakota,Ramsey,128,2060
NorthDakota,Ransom,56,767
NorthDakota,Renville,54,365
NorthDakota,Richland,99,2335
NorthDakota,Rolette,134,1578
NorthDakota,Sargent,40,533
NorthDakota,Sheridan,0,152
NorthDakota,Sioux,17,339
NorthDakota,Slope,8,150
NorthDakota,Stark,322,4953
NorthDakota,Steele,42,365
NorthDakota,Stutsman,258,3478
NorthDakota,Towner,5,229
NorthDakota,Traill,48,1652
NorthDakota,Walsh,88,1310
NorthDakota,Ward,1001,12626
NorthDakota,Wells,66,645
NorthDakota,Williams,181,5842
Ohio,Adams,295,2944
Ohio,Allen,405,12902
Ohio,Ashland,209,7846
Ohio,Ashtabula,349,10221
Ohio,Athens,1151,11848
Ohio,Auglaize,275,5961
Ohio,Belmont,238,8053
Ohio,Brown,147,4357
Ohio,Butler,4128,76699
Ohio,Carroll,201,2594
Ohio,Champaign,102,4282
Ohio,Clark,632,17423
Ohio,Clermont,1535,41092
Ohio,Clinton,213,5685
Ohio,Columbiana,840,10743
Ohio,Coshocton,115,3782
Ohio,Crawford,148,4504
Ohio,Cuyahoga,16709,292702
Ohio,Darke,265,5424
Ohio,Defiance,174,4781
Ohio,Delaware,2070,74919
Ohio,Erie,618,13315
Ohio,Fairfield,1043,30706
Ohio,Fayette,181,2988
Ohio,Franklin,20800,352515
Ohio,Fulton,431,4919
Ohio,Gallia,299,3582
Ohio,Geauga,877,24359
Ohio,Greene,2422,44951
Ohio,Guernsey,124,4118
Ohio,Hamilton,11445,214648
Ohio,Hancock,872,14376
Ohio,Hardin,214,3089
Ohio,Harrison,44,1353
Ohio,Henry,73,3301
Ohio,Highland,128,4066
Ohio,Hocking,120,2773
Ohio,Holmes,70,2692
Ohio,Huron,254,5851
Ohio,Jackson,30,3306
Ohio,Jefferson,514,8240
Ohio,Knox,546,9172
Ohio,Lake,2086,46967
Ohio,Lawrence,195,6678
Ohio,Licking,1226,32787
Ohio,Logan,387,5339
Ohio,Lorain,2076,54343
Ohio,Lucas,3715,78159
Ohio,Madison,188,5764
Ohio,Mahoning,1526,40285
Ohio,Marion,214,5977
Ohio,Medina,1638,42607
Ohio,Meigs,75,1978
Ohio,Mercer,210,5256
Ohio,Miami,912,16693
Ohio,Monroe,62,1214
Ohio,Montgomery,4712,103483
Ohio,Morgan,62,1095
Ohio,Morrow,30,3611
Ohio,Muskingum,376,10287
Ohio,Noble,33,1214
Ohio,Ottawa,189,7298
Ohio,Paulding,45,2064
Ohio,Perry,119,3235
Ohio,Pickaway,213,7555
Ohio,Pike,77,2741
Ohio,Portage,2717,31680
Ohio,Preble,215,5257
Ohio,Putnam,273,5252
Ohio,Richland,608,15058
Ohio,Ross,323,8809
Ohio,Sandusky,310,6759
Ohio,Scioto,277,8219
Ohio,Seneca,389,6467
Ohio,Shelby,300,6266
Ohio,Stark,2572,61112
Ohio,Summit,5341,124963
Ohio,Trumbull,1053,27419
Ohio,Tuscarawas,484,11385
Ohio,Union,524,13923
Ohio,Van Wert,154,3348
Ohio,Vinton,0,1176
Ohio,Warren,1916,68681
Ohio,Washington,280,8070
Ohio,Wayne,674,17247
Ohio,Williams,213,3862
Ohio,Wood,2423,27913
Ohio,Wyandot,132,2961
Oklahoma,Adair,54,1545
Oklahoma,Alfalfa,52,965
Oklahoma,Atoka,47,1583
Oklahoma,Beaver,17,824
Oklahoma,Beckham,104,2418
Oklahoma,Blaine,20,1355
Oklahoma,Bryan,218,7165
Oklahoma,Caddo,77,2987
Oklahoma,Canadian,956,27262
Oklahoma,Carter,265,6553
Oklahoma,Cherokee,338,8486
Oklahoma,Choctaw,23,1360
Oklahoma,Cimarron,0,410
Oklahoma,Cleveland,4949,61912
Oklahoma,Coal,30,648
Oklahoma,Comanche,1058,17981
Oklahoma,Cotton,69,605
Oklahoma,Craig,35,1445
Oklahoma,Creek,216,7854
Oklahoma,Custer,354,4549
Oklahoma,Delaware,103,5629
Oklahoma,Dewey,17,666
Oklahoma,Ellis,0,563
Oklahoma,Garfield,489,9466
Oklahoma,Garvin,56,2939
Oklahoma,Grady,249,8053
Oklahoma,Grant,36,661
Oklahoma,Greer,0,507
Oklahoma,Harmon,8,333
Oklahoma,Harper,0,502
Oklahoma,Haskell,41,1358
Oklahoma,Hughes,25,1336
Oklahoma,Jackson,192,3557
Oklahoma,Jefferson,26,640
Oklahoma,Johnston,11,1687
Oklahoma,Kay,84,5683
Oklahoma,Kingfisher,4,2365
Oklahoma,Kiowa,16,1113
Oklahoma,Latimer,27,1076
Oklahoma,Le Flore,180,5290
Oklahoma,Lincoln,83,3507
Oklahoma,Logan,307,9198
Oklahoma,Love,21,903
Oklahoma,McClain,154,6779
Oklahoma,McCurtain,54,3139
Oklahoma,McIntosh,82,1896
Oklahoma,Major,0,1035
Oklahoma,Marshall,65,1749
Oklahoma,Mayes,166,4096
Oklahoma,Murray,64,1794
Oklahoma,Muskogee,282,9023
Oklahoma,Noble,35,1677
Oklahoma,Nowata,39,966
Oklahoma,Okfuskee,24,941
Oklahoma,Oklahoma,6499,171656
Oklahoma,Okmulgee,152,3624
Oklahoma,Osage,107,6450
Oklahoma,Ottawa,65,3113
Oklahoma,Pawnee,46,1998
Oklahoma,Payne,2474,16765
Oklahoma,Pittsburg,91,5656
Oklahoma,Pontotoc,294,7164
Oklahoma,Pottawatomie,402,9370
Oklahoma,Pushmataha,38,1154
Oklahoma,Roger Mills,42,432
Oklahoma,Rogers,572,15199
Oklahoma,Seminole,61,2348
Oklahoma,Sequoyah,118,3908
Oklahoma,Stephens,95,5553
Oklahoma,Texas,74,3270
Oklahoma,Tillman,13,822
Oklahoma,Tulsa,5747,137325
Oklahoma,Wagoner,451,13041
Oklahoma,Washington,253,10202
Oklahoma,Washita,54,1526
Oklahoma,Woods,113,1627
Oklahoma,Woodward,145,2665
Oregon,Baker,114,3004
Oregon,Benton,3188,29928
Oregon,Clackamas,3212,111898
Oregon,Clatsop,131,6944
Oregon,Columbia,152,6765
Oregon,Coos,279,9574
Oregon,Crook,7,3348
Oregon,Curry,13,4395
Oregon,Deschutes,1666,52113
Oregon,Douglas,289,15029
Oregon,Gilliam,0,316
Oregon,Grant,29,1158
Oregon,Harney,1,880
Oregon,Hood River,11,5521
Oregon,Jackson,714,45301
Oregon,Jefferson,0,3555
Oregon,Josephine,209,11727
Oregon,Klamath,208,10083
Oregon,Lake,0,1163
Oregon,Lane,4564,83147
Oregon,Lincoln,162,10577
Oregon,Linn,611,17292
Oregon,Malheur,55,2992
Oregon,Marion,2110,54873
Oregon,Morrow,114,655
Oregon,Multnomah,10233,276755
Oregon,Polk,1233,16616
Oregon,Sherman,4,246
Oregon,Tillamook,170,4296
Oregon,Umatilla,331,8904
Oregon,Union,320,4275
Oregon,Wallowa,30,1461
Oregon,Wasco,60,3762
Oregon,Washington,6819,184682
Oregon,Wheeler,0,209
Oregon,Yamhill,790,19600
Pennsylvania,Adams,642,16343
Pennsylvania,Allegheny,22962,375438
Pennsylvania,Armstrong,526,8759
Pennsylvania,Beaver,1434,30890
Pennsylvania,Bedford,252,5598
Pennsylvania,Berks,4173,73948
Pennsylvania,Blair,1238,19646
Pennsylvania,Bradford,370,8027
Pennsylvania,Bucks,9800,190042
Pennsylvania,Butler,2155,50347
Pennsylvania,Cambria,1034,20758
Pennsylvania,Cameron,2,377
Pennsylvania,Carbon,442,8502
Pennsylvania,Centre,3564,45671
Pennsylvania,Chester,9724,193139
Pennsylvania,Clarion,490,6091
Pennsylvania,Clearfield,526,9952
Pennsylvania,Clinton,469,4956
Pennsylvania,Columbia,1019,10654
Pennsylvania,Crawford,408,12190
Pennsylvania,Cumberland,2530,66091
Pennsylvania,Dauphin,3024,62152
Pennsylvania,Delaware,7733,152192
Pennsylvania,Elk,214,4246
Pennsylvania,Erie,3070,53806
Pennsylvania,Fayette,1171,16917
Pennsylvania,Forest,18,600
Pennsylvania,Franklin,1148,24130
Pennsylvania,Fulton,66,1578
Pennsylvania,Greene,335,4624
Pennsylvania,Huntingdon,320,5833
Pennsylvania,Indiana,1021,13920
Pennsylvania,Jefferson,249,5018
Pennsylvania,Juniata,187,2635
Pennsylvania,Lackawanna,2524,42675
Pennsylvania,Lancaster,5760,104762
Pennsylvania,Lawrence,492,13831
Pennsylvania,Lebanon,786,20460
Pennsylvania,Lehigh,3476,77269
Pennsylvania,Luzerne,2487,53528
Pennsylvania,Lycoming,580,18886
Pennsylvania,McKean,339,5538
Pennsylvania,Mercer,621,17805
Pennsylvania,Mifflin,182,4284
Pennsylvania,Monroe,1723,30421
Pennsylvania,Montgomery,13866,289228
Pennsylvania,Montour,152,4370
Pennsylvania,Northampton,3411,68024
Pennsylvania,Northumberland,361,11919
Pennsylvania,Perry,172,6084
Pennsylvania,Philadelphia,23308,338030
Pennsylvania,Pike,405,11260
Pennsylvania,Potter,78,1852
Pennsylvania,Schuylkill,632,17616
Pennsylvania,Snyder,162,5710
Pennsylvania,Somerset,378,9253
Pennsylvania,Sullivan,27,894
Pennsylvania,Susquehanna,221,5789
Pennsylvania,Tioga,301,5764
Pennsylvania,Union,400,7771
Pennsylvania,Venango,239,7306
Pennsylvania,Warren,201,5647
Pennsylvania,Washington,2080,45776
Pennsylvania,Wayne,295,8115
Pennsylvania,Westmoreland,3358,78765
Pennsylvania,Wyoming,214,4030
Pennsylvania,York,3286,78785
RhodeIsland,Bristol,653,16901
RhodeIsland,Kent,1738,39787
RhodeIsland,Newport,1971,30408
RhodeIsland,Providence,7719,132548
RhodeIsland,Washington,2306,40000
SouthCarolina,Abbeville,72,3157
SouthCarolina,Aiken,1203,33248
SouthCarolina,Allendale,2,643
SouthCarolina,Anderson,1169,33261
SouthCarolina,Bamberg,22,1712
SouthCarolina,Barnwell,238,2070
SouthCarolina,Beaufort,903,57762
SouthCarolina,Berkeley,2587,37671
SouthCarolina,Calhoun,63,2026
SouthCarolina,Charleston,6895,132075
SouthCarolina,Cherokee,329,5576
SouthCarolina,Chester,80,3087
SouthCarolina,Chesterfield,127,3953
SouthCarolina,Clarendon,93,3850
SouthCarolina,Colleton,217,4276
SouthCarolina,Darlington,581,8142
SouthCarolina,Dillon,14,2622
SouthCarolina,Dorchester,810,30700
SouthCarolina,Edgefield,102,3535
SouthCarolina,Fairfield,148,2895
SouthCarolina,Florence,1049,22629
SouthCarolina,Georgetown,169,13814
SouthCarolina,Greenville,5927,128015
SouthCarolina,Greenwood,384,11584
SouthCarolina,Hampton,5,1531
SouthCarolina,Horry,1858,62135
SouthCarolina,Jasper,128,4483
SouthCarolina,Kershaw,348,9700
SouthCarolina,Lancaster,761,19542
SouthCarolina,Laurens,428,7956
SouthCarolina,Lee,69,1782
SouthCarolina,Lexington,2533,62880
SouthCarolina,McCormick,8,1648
SouthCarolina,Marion,190,2782
SouthCarolina,Marlboro,6,1449
SouthCarolina,Newberry,264,5062
SouthCarolina,Oconee,585,15594
SouthCarolina,Orangeburg,260,11500
SouthCarolina,Pickens,2446,21311
SouthCarolina,Richland,7077,102411
SouthCarolina,Saluda,65,2629
SouthCarolina,Spartanburg,2338,52780
SouthCarolina,Sumter,590,14634
SouthCarolina,Union,111,2625
SouthCarolina,Williamsburg,191,3151
SouthCarolina,York,2386,62418
SouthDakota,Aurora,14,364
SouthDakota,Beadle,80,2882
SouthDakota,Bennett,0,418
SouthDakota,Bon Homme,115,1026
SouthDakota,Brookings,1185,7960
SouthDakota,Brown,438,8166
SouthDakota,Brule,105,931
SouthDakota,Buffalo,0,83
SouthDakota,Butte,22,1510
SouthDakota,Campbell,13,313
SouthDakota,Charles Mix,47,1168
SouthDakota,Clark,24,470
SouthDakota,Clay,467,3466
SouthDakota,Codington,198,3841
SouthDakota,Corson,10,365
SouthDakota,Custer,66,1634
SouthDakota,Davison,113,3508
SouthDakota,Day,23,877
SouthDakota,Deuel,44,683
SouthDakota,Dewey,4,539
SouthDakota,Douglas,4,361
SouthDakota,Edmunds,12,681
SouthDakota,Fall River,0,1032
SouthDakota,Faulk,61,485
SouthDakota,Grant,75,1113
SouthDakota,Gregory,14,632
SouthDakota,Haakon,10,214
SouthDakota,Hamlin,11,806
SouthDakota,Hand,59,480
SouthDakota,Hanson,16,341
SouthDakota,Harding,12,212
SouthDakota,Hughes,165,4456
SouthDakota,Hutchinson,27,1148
SouthDakota,Hyde,2,246
SouthDakota,Jackson,0,292
SouthDakota,Jerauld,0,322
SouthDakota,Jones,6,186
SouthDakota,Kingsbury,87,812
SouthDakota,Lake,197,2895
SouthDakota,Lawrence,226,6299
SouthDakota,Lincoln,792,13966
SouthDakota,Lyman,29,555
SouthDakota,McCook,25,895
SouthDakota,McPherson,11,389
SouthDakota,Marshall,13,888
SouthDakota,Meade,282,4885
SouthDakota,Mellette,0,174
SouthDakota,Miner,0,310
SouthDakota,Minnehaha,2716,42459
SouthDakota,Moody,75,1120
SouthDakota,Oglala Lakota,54,816
SouthDakota,Pennington,816,24479
SouthDakota,Perkins,12,435
SouthDakota,Potter,19,379
SouthDakota,Roberts,62,1099
SouthDakota,Sanborn,22,316
SouthDakota,Spink,47,1172
SouthDakota,Stanley,18,645
SouthDakota,Sully,8,214
SouthDakota,Todd,5,682
SouthDakota,Tripp,19,784
SouthDakota,Turner,127,1515
SouthDakota,Union,386,3275
SouthDakota,Walworth,79,819
SouthDakota,Yankton,224,4239
SouthDakota,Ziebach,0,264
Tennessee,Anderson,355,12495
Tennessee,Bedford,202,5905
Tennessee,Benton,38,1510
Tennessee,Bledsoe,68,1342
Tennessee,Blount,816,23328
Tennessee,Bradley,802,17189
Tennessee,Campbell,120,3720
Tennessee,Cannon,70,1681
Tennessee,Carroll,115,3622
Tennessee,Carter,466,7797
Tennessee,Cheatham,178,5854
Tennessee,Chester,72,1798
Tennessee,Claiborne,483,3975
Tennessee,Clay,0,722
Tennessee,Cocke,88,2946
Tennessee,Coffee,239,8093
Tennessee,Crockett,56,1493
Tennessee,Cumberland,115,8035
Tennessee,Davidson,14044,207439
Tennessee,Decatur,90,1212
Tennessee,DeKalb,86,2716
Tennessee,Dickson,106,6366
Tennessee,Dyer,150,4685
Tennessee,Fayette,228,6764
Tennessee,Fentress,31,2199
Tennessee,Franklin,261,5998
Tennessee,Gibson,309,5984
Tennessee,Giles,91,3717
Tennessee,Grainger,116,2172
Tennessee,Greene,219,8034
Tennessee,Grundy,26,1262
Tennessee,Hamblen,432,8018
Tennessee,Hamilton,3441,85630
Tennessee,Hancock,34,505
Tennessee,Hardeman,83,1913
Tennessee,Hardin,51,3064
Tennessee,Hawkins,366,6886
Tennessee,Haywood,24,1385
Tennessee,Henderson,63,2649
Tennessee,Henry,36,4134
Tennessee,Hickman,53,1668
Tennessee,Houston,17,778
Tennessee,Humphreys,62,1922
Tennessee,Jackson,41,1024
Tennessee,Jefferson,197,6790
Tennessee,Johnson,8,1612
Tennessee,Knox,8108,121308
Tennessee,Lake,0,570
Tennessee,Lauderdale,41,1696
Tennessee,Lawrence,136,4092
Tennessee,Lewis,37,867
Tennessee,Lincoln,108,4592
Tennessee,Loudon,102,10663
Tennessee,McMinn,110,6430
Tennessee,McNairy,102,2392
Tennessee,Macon,78,1453
Tennessee,Madison,729,16995
Tennessee,Marion,47,2556
Tennessee,Marshall,98,3783
Tennessee,Maury,431,15735
Tennessee,Meigs,2,914
Tennessee,Monroe,196,5082
Tennessee,Montgomery,1617,37475
Tennessee,Moore,10,905
Tennessee,Morgan,105,1778
Tennessee,Obion,174,3313
Tennessee,Overton,104,1961
Tennessee,Perry,16,480
Tennessee,Pickett,0,521
Tennessee,Polk,66,1570
Tennessee,Putnam,868,13517
Tennessee,Rhea,131,3731
Tennessee,Roane,227,7522
Tennessee,Robertson,297,9922
Tennessee,Rutherford,4567,66663
Tennessee,Scott,44,1386
Tennessee,Sequatchie,57,1604
Tennessee,Sevier,382,12838
Tennessee,Shelby,10066,199289
Tennessee,Smith,91,2385
Tennessee,Stewart,95,1768
Tennessee,Sullivan,935,28220
Tennessee,Sumner,1823,36951
Tennessee,Tipton,217,7015
Tennessee,Trousdale,53,903
Tennessee,Unicoi,103,2218
Tennessee,Union,81,1541
Tennessee,Van Buren,13,369
Tennessee,Warren,127,3837
Tennessee,Washington,2115,28719
Tennessee,Wayne,92,1330
Tennessee,Weakley,295,4279
Tennessee,White,106,2432
Tennessee,Williamson,3942,91780
Tennessee,Wilson,1317,33591
Texas,Anderson,144,4785
Texas,Andrews,19,1634
Texas,Angelina,440,10425
Texas,Aransas,144,4126
Texas,Archer,30,1381
Texas,Armstrong,3,344
Texas,Atascosa,51,4917
Texas,Austin,152,4681
Texas,Bailey,0,709
Texas,Bandera,121,3915
Texas,Bastrop,346,12289
Texas,Baylor,15,530
Texas,Bee,339,2397
Texas,Bell,2953,54892
Texas,Bexar,18179,361504
Texas,Blanco,95,2511
Texas,Borden,0,196
Texas,Bosque,54,2452
Texas,Bowie,480,13915
Texas,Brazoria,3186,74895
Texas,Brazos,8415,50360
Texas,Brewster,163,2792
Texas,Briscoe,21,178
Texas,Brooks,0,731
Texas,Brown,220,5261
Texas,Burleson,193,2700
Texas,Burnet,244,9011
Texas,Caldwell,142,4087
Texas,Calhoun,46,2510
Texas,Callahan,42,2239
Texas,Cameron,1830,45146
Texas,Camp,59,1848
Texas,Carson,26,1150
Texas,Cass,68,3838
Texas,Castro,12,767
Texas,Chambers,410,6065
Texas,Cherokee,143,5973
Texas,Childress,0,984
Texas,Clay,38,1801
Texas,Cochran,0,155
Texas,Coke,33,550
Texas,Coleman,78,1016
Texas,Collin,13207,352516
Texas,Collingsworth,0,426
Texas,Colorado,107,2744
Texas,Comal,1393,39423
Texas,Comanche,122,1954
Texas,Concho,8,315
Texas,Cooke,116,5982
Texas,Coryell,304,8097
Texas,Cottle,4,201
Texas,Crane,0,380
Texas,Crockett,0,239
Texas,Crosby,39,557
Texas,Culberson,0,233
Texas,Dallam,26,751
Texas,Dallas,32475,547897
Texas,Dawson,32,1171
Texas,Deaf Smith,28,1315
Texas,Delta,21,779
Texas,Denton,10067,260529
Texas,DeWitt,30,1747
Texas,Dickens,14,302
Texas,Dimmit,41,959
Texas,Donley,2,399
Texas,Duval,0,654
Texas,Eastland,88,2416
Texas,Ector,755,16071
Texas,Edwards,0,237
Texas,Ellis,692,29273
Texas,El Paso,7100,123543
Texas,Erath,721,8097
Texas,Falls,45,1515
Texas,Fannin,136,4413
Texas,Fayette,93,4125
Texas,Fisher,55,555
Texas,Floyd,7,593
Texas,Foard,0,113
Texas,Fort Bend,9126,236304
Texas,Franklin,63,2247
Texas,Freestone,168,2052
Texas,Frio,74,1026
Texas,Gaines,61,1184
Texas,Galveston,2798,72911
Texas,Garza,72,543
Texas,Gillespie,170,6687
Texas,Glasscock,26,238
Texas,Goliad,8,857
Texas,Gonzales,36,1675
Texas,Gray,43,2207
Texas,Grayson,654,18554
Texas,Gregg,426,16972
Texas,Grimes,19,3577
Texas,Guadalupe,993,30204
Texas,Hale,150,3538
Texas,Hall,4,380
Texas,Hamilton,0,1226
Texas,Hansford,46,777
Texas,Hardeman,0,469
Texas,Hardin,240,7018
Texas,Harris,45612,966592
Texas,Harrison,455,8999
Texas,Hartley,104,871
Texas,Haskell,31,665
Texas,Hays,3485,51855
Texas,Hemphill,0,497
Texas,Henderson,339,10618
Texas,Hidalgo,5721,93736
Texas,Hill,54,4326
Texas,Hockley,149,2250
Texas,Hood,457,12709
Texas,Hopkins,248,5254
Texas,Houston,63,2622
Texas,Howard,50,3314
Texas,Hudspeth,0,308
Texas,Hunt,784,12956
Texas,Hutchinson,87,2149
Texas,Irion,0,219
Texas,Jack,11,894
Texas,Jackson,111,1529
Texas,Jasper,69,3241
Texas,Jeff Davis,6,497
Texas,Jefferson,1572,32424
Texas,Jim Hogg,0,374
Texas,Jim Wells,22,4178
Texas,Johnson,1076,21869
Texas,Jones,0,1758
Texas,Karnes,140,1675
Texas,Kaufman,1022,16745
Texas,Kendall,367,14105
Texas,Kenedy,0,4
Texas,Kent,0,157
Texas,Kerr,120,10687
Texas,Kimble,16,819
Texas,King,2,30
Texas,Kinney,0,541
Texas,Kleberg,864,4136
Texas,Knox,21,464
Texas,Lamar,345,6406
Texas,Lamb,7,1037
Texas,Lampasas,52,2757
Texas,La Salle,40,346
Texas,Lavaca,80,2479
Texas,Lee,97,1681
Texas,Leon,22,1858
Texas,Liberty,437,5486
Texas,Limestone,49,2704
Texas,Lipscomb,14,489
Texas,Live Oak,3,958
Texas,Llano,11,4440
Texas,Loving,0,0
Texas,Lubbock,6381,58517
Texas,Lynn,28,805
Texas,McCulloch,19,984
Texas,McLennan,3433,38732
Texas,McMullen,0,68
Texas,Madison,40,1362
Texas,Marion,46,1238
Texas,Martin,49,625
Texas,Mason,22,1010
Texas,Matagorda,58,4706
Texas,Maverick,372,5181
Texas,Medina,425,6924
Texas,Menard,11,446
Texas,Midland,1302,29348
Texas,Milam,125,2526
Texas,Mills,3,764
Texas,Mitchell,34,635
Texas,Montague,43,2423
Texas,Montgomery,5101,134843
Texas,Moore,152,1767
Texas,Morris,7,1206
Texas,Motley,0,168
Texas,Nacogdoches,983,9205
Texas,Navarro,163,5462
Texas,Newton,0,865
Texas,Nolan,61,1438
Texas,Nueces,2139,51370
Texas,Ochiltree,93,964
Texas,Oldham,1,334
Texas,Orange,343,8969
Texas,Palo Pinto,233,3565
Texas,Panola,68,2449
Texas,Parker,964,24934
Texas,Parmer,15,911
Texas,Pecos,35,1218
Texas,Polk,173,5189
Texas,Potter,452,11551
Texas,Presidio,1,862
Texas,Rains,11,1372
Texas,Randall,1238,27792
Texas,Reagan,10,259
Texas,Real,8,405
Texas,Red River,54,1407
Texas,Reeves,28,1091
Texas,Refugio,0,536
Texas,Roberts,5,135
Texas,Robertson,7,2148
Texas,Rockwall,834,28192
Texas,Runnels,15,1167
Texas,Rusk,88,5925
Texas,Sabine,14,1379
Texas,San Augustine,0,860
Texas,San Jacinto,5,3126
Texas,San Patricio,243,6831
Texas,San Saba,5,729
Texas,Schleicher,40,309
Texas,Scurry,14,1807
Texas,Shackelford,0,737
Texas,Shelby,75,2305
Texas,Sherman,14,377
Texas,Smith,1362,40893
Texas,Somervell,13,1813
Texas,Starr,517,3902
Texas,Stephens,53,1000
Texas,Sterling,0,140
Texas,Stonewall,9,110
Texas,Sutton,0,453
Texas,Swisher,110,780
Texas,Tarrant,20650,435829
Texas,Taylor,1512,22597
Texas,Terrell,0,176
Texas,Terry,10,905
Texas,Throckmorton,0,238
Texas,Titus,108,3349
Texas,Tom Green,936,19059
Texas,Travis,21790,446246
Texas,Trinity,42,1465
Texas,Tyler,68,2177
Texas,Upshur,258,5131
Texas,Upton,29,329
Texas,Uvalde,291,3261
Texas,Val Verde,656,5682
Texas,Van Zandt,259,6126
Texas,Victoria,457,11419
Texas,Walker,930,8882
Texas,Waller,569,6847
Texas,Ward,55,850
Texas,Washington,255,6626
Texas,Webb,1504,28722
Texas,Wharton,111,5045
Texas,Wheeler,17,535
Texas,Wichita,777,19595
Texas,Wilbarger,62,1310
Texas,Willacy,17,1246
Texas,Williamson,5546,158979
Texas,Wilson,338,7782
Texas,Winkler,25,433
Texas,Wise,378,8590
Texas,Wood,94,6283
Texas,Yoakum,0,597
Texas,Young,41,2934
Texas,Zapata,164,976
Texas,Zavala,195,878
Utah,Beaver,0,999
Utah,Box Elder,107,7754
Utah,Cache,2253,24690
Utah,Carbon,56,2223
Utah,Daggett,0,56
Utah,Davis,2318,78583
Utah,Duchesne,21,1613
Utah,Emery,11,1002
Utah,Garfield,18,884
Utah,Grand,67,2188
Utah,Iron,575,8627
Utah,Juab,20,1224
Utah,Kane,26,1663
Utah,Millard,19,1772
Utah,Morgan,8,2570
Utah,Piute,0,287
Utah,Rich,0,310
Utah,Salt Lake,10047,265529
Utah,San Juan,68,1762
Utah,Sanpete,32,3777
Utah,Sevier,85,2815
Utah,Summit,395,15670
Utah,Tooele,204,9373
Utah,Uintah,42,3404
Utah,Utah,7047,127557
Utah,Wasatch,226,8700
Utah,Washington,370,32727
Utah,Wayne,0,438
Utah,Weber,966,39873
Vermont,Addison,473,10517
Vermont,Bennington,244,9536
Vermont,Caledonia,153,6612
Vermont,Chittenden,4416,56967
Vermont,Essex,11,876
Vermont,Franklin,407,9148
Vermont,Grand Isle,81,2261
Vermont,Lamoille,110,7309
Vermont,Orange,197,6804
Vermont,Orleans,77,4758
Vermont,Rutland,520,13747
Vermont,Washington,494,18228
Vermont,Windham,261,12616
Vermont,Windsor,705,15949
Virginia,Accomack,160,4693
Virginia,Albemarle,2132,43360
Virginia,Alleghany,78,1626
Virginia,Amelia,7,1685
Virginia,Amherst,276,4882
Virginia,Appomattox,86,2420
Virginia,Arlington,10613,132394
Virginia,Augusta,792,12420
Virginia,Bath,9,586
Virginia,Bedford,822,17699
Virginia,Bland,0,664
Virginia,Botetourt,177,6643
Virginia,Brunswick,54,1830
Virginia,Buchanan,95,1908
Virginia,Buckingham,92,1636
Virginia,Campbell,737,9384
Virginia,Caroline,160,4510
Virginia,Carroll,23,3335
Virginia,Charles City,26,886
Virginia,Charlotte,11,1165
Virginia,Chesterfield,3098,94139
Virginia,Clarke,136,3670
Virginia,Craig,38,834
Virginia,Culpeper,328,8846
Virginia,Cumberland,28,1202
Virginia,Dickenson,55,1221
Virginia,Dinwiddie,21,3639
Virginia,Essex,88,1273
Virginia,Fairfax,22892,486815
Virginia,Fauquier,840,17838
Virginia,Floyd,3,2539
Virginia,Fluvanna,132,7039
Virginia,Franklin,683,9302
Virginia,Frederick,833,16377
Virginia,Giles,69,2373
Virginia,Gloucester,105,6562
Virginia,Goochland,239,7705
Virginia,Grayson,58,1921
Virginia,Greene,174,4106
Virginia,Greensville,21,993
Virginia,Halifax,176,3977
Virginia,Hanover,857,29774
Virginia,Henrico,3990,101632
Virginia,Henry,173,5686
Virginia,Highland,0,520
Virginia,Isle of Wight,284,7470
Virginia,James City,592,28291
Virginia,King and Queen,10,1393
Virginia,King George,240,6294
Virginia,King William,100,2850
Virginia,Lancaster,79,2922
Virginia,Lee,67,1722
Virginia,Loudoun,6103,160853
Virginia,Louisa,246,6699
Virginia,Lunenburg,5,1116
Virginia,Madison,124,2368
Virginia,Mathews,51,1982
Virginia,Mecklenburg,119,5283
Virginia,Middlesex,25,2221
Virginia,Montgomery,2811,25870
Virginia,Nelson,112,3431
Virginia,New Kent,276,5276
Virginia,Northampton,58,2291
Virginia,Northumberland,24,3178
Virginia,Nottoway,92,1720
Virginia,Orange,306,6671
Virginia,Page,73,2500
Virginia,Patrick,72,2016
Virginia,Pittsylvania,409,6862
Virginia,Powhatan,163,6680
Virginia,Prince Edward,265,3358
Virginia,Prince George,110,6207
Virginia,Prince William,4484,125415
Virginia,Pulaski,194,5054
Virginia,Rappahannock,21,1872
Virginia,Richmond,106,1250
Virginia,Roanoke,1037,24480
Virginia,Rockbridge,122,4697
Virginia,Rockingham,733,15090
Virginia,Russell,169,2024
Virginia,Scott,130,2453
Virginia,Shenandoah,110,6121
Virginia,Smyth,106,3337
Virginia,Southampton,102,2556
Virginia,Spotsylvania,1064,28877
Virginia,Stafford,1538,39872
Virginia,Surry,100,1005
Virginia,Sussex,36,1102
Virginia,Tazewell,275,4567
Virginia,Warren,211,5772
Virginia,Washington,388,9699
Virginia,Westmoreland,199,2440
Virginia,Wise,150,4050
Virginia,Wythe,237,4015
Virginia,York,961,22899
Virginia,Alexandria city,2616,78039
Virginia,Bristol city,51,2656
Virginia,Buena Vista city,45,767
Virginia,Charlottesville city,1823,16915
Virginia,Chesapeake city,2301,56478
Virginia,Colonial Heights city,65,3232
Virginia,Covington city,38,604
Virginia,Danville city,204,5217
Virginia,Emporia city,0,403
Virginia,Fairfax city,581,9664
Virginia,Falls Church city,273,7751
Virginia,Franklin city,16,1081
Virginia,Fredericksburg city,837,7459
Virginia,Galax city,0,746
Virginia,Hampton city,1171,24185
Virginia,Harrisonburg city,1579,9651
Virginia,Hopewell city,149,1908
Virginia,Lexington city,223,1557
Virginia,Lynchburg city,3011,16325
Virginia,Manassas city,405,8321
Virginia,Manassas Park city,184,2897
Virginia,Martinsville city,105,1870
Virginia,Newport News city,1903,32714
Virginia,Norfolk city,2917,46055
Virginia,Norton city,12,597
Virginia,Petersburg city,283,4350
Virginia,Poquoson city,224,3701
Virginia,Portsmouth city,601,13236
Virginia,Radford city,1178,3356
Virginia,Richmond city,5078,66436
Virginia,Roanoke city,846,17291
Virginia,Salem city,169,5235
Virginia,Staunton city,306,5506
Virginia,Suffolk city,578,18389
Virginia,Virginia Beach city,4765,115191
Virginia,Waynesboro city,180,4537
Virginia,Williamsburg city,369,3893
Virginia,Winchester city,175,6397
Washington,Adams,124,1489
Washington,Asotin,207,3815
Washington,Benton,1412,41189
Washington,Chelan,438,13838
Washington,Clallam,179,16985
Washington,Clark,3109,102707
Washington,Columbia,13,769
Washington,Cowlitz,235,12824
Washington,Douglas,161,5798
Washington,Ferry,7,1273
Washington,Franklin,305,10285
Washington,Garfield,5,438
Washington,Grant,666,10602
Washington,Grays Harbor,325,8648
Washington,Island,376,21005
Washington,Jefferson,99,11343
Washington,King,41642,851818
Washington,Kitsap,1749,64694
Washington,Kittitas,1212,9842
Washington,Klickitat,105,5014
Washington,Lewis,193,10768
Washington,Lincoln,20,1971
Washington,Mason,148,8695
Washington,Okanogan,109,5968
Washington,Pacific,122,3504
Washington,Pend Oreille,49,2122
Washington,Pierce,7190,166650
Washington,San Juan,41,7178
Washington,Skagit,498,24691
Washington,Skamania,28,2341
Washington,Snohomish,6887,185346
Washington,Spokane,4327,111358
Washington,Stevens,130,6655
Washington,Thurston,1941,71785
Washington,Wahkiakum,0,681
Washington,Walla Walla,448,11460
Washington,Whatcom,3605,52830
Washington,Whitman,1637,12022
Washington,Yakima,1034,26837
WestVirginia,Barbour,61,1573
WestVirginia,Berkeley,964,18542
WestVirginia,Boone,85,1822
WestVirginia,Braxton,63,1452
WestVirginia,Brooke,81,3250
WestVirginia,Cabell,1781,16925
WestVirginia,Calhoun,31,663
WestVirginia,Clay,124,607
WestVirginia,Doddridge,151,1042
WestVirginia,Fayette,258,4751
WestVirginia,Gilmer,205,932
WestVirginia,Grant,69,1078
WestVirginia,Greenbrier,100,5182
WestVirginia,Hampshire,176,2117
WestVirginia,Hancock,227,3527
WestVirginia,Hardy,5,1395
WestVirginia,Harrison,532,11136
WestVirginia,Jackson,159,3695
WestVirginia,Jefferson,537,12506
WestVirginia,Kanawha,843,34612
WestVirginia,Lewis,64,1803
WestVirginia,Lincoln,0,1133
WestVirginia,Logan,70,2911
WestVirginia,McDowell,0,909
WestVirginia,Marion,554,8925
WestVirginia,Marshall,128,4233
WestVirginia,Mason,152,3304
WestVirginia,Mercer,371,8463
WestVirginia,Mineral,116,3411
WestVirginia,Mingo,20,1689
WestVirginia,Monongalia,3375,28990
WestVirginia,Monroe,0,1533
WestVirginia,Morgan,35,2497
WestVirginia,Nicholas,50,3229
WestVirginia,Ohio,353,9307
WestVirginia,Pendleton,14,959
WestVirginia,Pleasants,83,564
WestVirginia,Pocahontas,41,874
WestVirginia,Preston,202,4062
WestVirginia,Putnam,355,10472
WestVirginia,Raleigh,345,10621
WestVirginia,Randolph,96,3283
WestVirginia,Ritchie,9,847
WestVirginia,Roane,129,1292
WestVirginia,Summers,0,1594
WestVirginia,Taylor,146,2334
WestVirginia,Tucker,41,1050
WestVirginia,Tyler,12,1044
WestVirginia,Upshur,120,2719
WestVirginia,Wayne,121,5054
WestVirginia,Webster,6,627
WestVirginia,Wetzel,41,1393
WestVirginia,Wirt,36,461
WestVirginia,Wood,537,13232
WestVirginia,Wyoming,57,1799
Wisconsin,Adams,65,2394
Wisconsin,Ashland,94,2047
Wisconsin,Barron,182,6635
Wisconsin,Bayfield,131,3716
Wisconsin,Brown,3375,53394
Wisconsin,Buffalo,77,1827
Wisconsin,Burnett,78,2492
Wisconsin,Calumet,519,10308
Wisconsin,Chippewa,342,10066
Wisconsin,Clark,92,2914
Wisconsin,Columbia,575,9869
Wisconsin,Crawford,87,2225
Wisconsin,Dane,18445,187927
Wisconsin,Dodge,542,11466
Wisconsin,Door,130,7508
Wisconsin,Douglas,227,8041
Wisconsin,Dunn,631,8175
Wisconsin,Eau Claire,1396,22006
Wisconsin,Florence,37,736
Wisconsin,Fond du Lac,716,17140
Wisconsin,Forest,29,985
Wisconsin,Grant,260,7413
Wisconsin,Green,139,6102
Wisconsin,Green Lake,70,2781
Wisconsin,Iowa,130,4210
Wisconsin,Iron,3,996
Wisconsin,Jackson,91,2279
Wisconsin,Jefferson,551,15767
Wisconsin,Juneau,109,2932
Wisconsin,Kenosha,1776,31698
Wisconsin,Kewaunee,121,2898
Wisconsin,La Crosse,1852,27488
Wisconsin,Lafayette,65,2211
Wisconsin,Langlade,282,2334
Wisconsin,Lincoln,171,3854
Wisconsin,Manitowoc,489,12475
Wisconsin,Marathon,1079,24672
Wisconsin,Marinette,144,4948
Wisconsin,Marquette,46,1631
Wisconsin,Menominee,14,444
Wisconsin,Milwaukee,9946,197643
Wisconsin,Monroe,197,6661
Wisconsin,Oconto,217,4733
Wisconsin,Oneida,300,7173
Wisconsin,Outagamie,1537,38120
Wisconsin,Ozaukee,1165,30900
Wisconsin,Pepin,42,1053
Wisconsin,Pierce,451,7977
Wisconsin,Polk,172,7131
Wisconsin,Portage,1153,15310
Wisconsin,Price,68,1739
Wisconsin,Racine,1442,34569
Wisconsin,Richland,41,2437
Wisconsin,Rock,755,26088
Wisconsin,Rusk,34,1741
Wisconsin,St. Croix,748,22360
Wisconsin,Sauk,444,10646
Wisconsin,Sawyer,64,3080
Wisconsin,Shawano,177,4769
Wisconsin,Sheboygan,1232,20605
Wisconsin,Taylor,42,2294
Wisconsin,Trempealeau,156,3821
Wisconsin,Vernon,124,4736
Wisconsin,Vilas,165,4789
Wisconsin,Walworth,1190,20293
Wisconsin,Washburn,80,2693
Wisconsin,Washington,1779,31578
Wisconsin,Waukesha,4820,127542
Wisconsin,Waupaca,218,7771
Wisconsin,Waushara,90,3060
Wisconsin,Winnebago,2191,33506
Wisconsin,Wood,439,10725
Wyoming,Albany,1879,11983
Wyoming,Big Horn,14,1600
Wyoming,Campbell,86,5964
Wyoming,Carbon,22,2122
Wyoming,Converse,34,1865
Wyoming,Crook,21,1248
Wyoming,Fremont,274,6615
Wyoming,Goshen,25,2389
Wyoming,Hot Springs,0,800
Wyoming,Johnson,0,2057
Wyoming,Laramie,586,20426
Wyoming,Lincoln,116,2921
Wyoming,Natrona,329,12826
Wyoming,Niobrara,0,298
Wyoming,Park,131,7352
Wyoming,Platte,96,1252
Wyoming,Sheridan,161,6597
Wyoming,Sublette,4,1944
Wyoming,Sweetwater,225,5989
Wyoming,Teton,172,9789
Wyoming,Uinta,59,2501
Wyoming,Washakie,32,1313
Wyoming,Weston,68,848
PuertoRico,Adjuntas Municipio,204,2036
PuertoRico,Aguada Municipio,604,5612
PuertoRico,Aguadilla Municipio,424,8848
PuertoRico,Aguas Buenas Municipio,189,3152
PuertoRico,Aibonito Municipio,108,3777
PuertoRico,A√±asco Municipio,349,3292
PuertoRico,Arecibo Municipio,935,14436
PuertoRico,Arroyo Municipio,100,2291
PuertoRico,Barceloneta Municipio,64,3805
PuertoRico,Barranquitas Municipio,354,3761
PuertoRico,Bayam√≥n Municipio,1689,37035
PuertoRico,Cabo Rojo Municipio,351,9067
PuertoRico,Caguas Municipio,959,29770
PuertoRico,Camuy Municipio,272,4840
PuertoRico,Can√≥vanas Municipio,357,7590
PuertoRico,Carolina Municipio,1285,36184
PuertoRico,Cata√±o Municipio,186,3422
PuertoRico,Cayey Municipio,470,8206
PuertoRico,Ceiba Municipio,65,1595
PuertoRico,Ciales Municipio,50,1808
PuertoRico,Cidra Municipio,385,6758
PuertoRico,Coamo Municipio,323,5876
PuertoRico,Comer√≠o Municipio,280,1942
PuertoRico,Corozal Municipio,231,4819
PuertoRico,Culebra Municipio,0,174
PuertoRico,Dorado Municipio,284,7935
PuertoRico,Fajardo Municipio,254,5923
PuertoRico,Florida Municipio,0,1295
PuertoRico,Gu√°nica Municipio,190,1754
PuertoRico,Guayama Municipio,291,6208
PuertoRico,Guayanilla Municipio,90,3145
PuertoRico,Guaynabo Municipio,1207,29443
PuertoRico,Gurabo Municipio,388,11070
PuertoRico,Hatillo Municipio,508,7781
PuertoRico,Hormigueros Municipio,8,2831
PuertoRico,Humacao Municipio,459,9097
PuertoRico,Isabela Municipio,372,7177
PuertoRico,Jayuya Municipio,0,2002
PuertoRico,Juana D√≠az Municipio,518,8089
PuertoRico,Juncos Municipio,198,5360
PuertoRico,Lajas Municipio,216,2693
PuertoRico,Lares Municipio,69,3402
PuertoRico,Las Mar√≠as Municipio,99,979
PuertoRico,Las Piedras Municipio,449,6366
PuertoRico,Lo√≠za Municipio,103,2836
PuertoRico,Luquillo Municipio,106,2776
PuertoRico,Manat√≠ Municipio,217,6352
PuertoRico,Maricao Municipio,28,482
PuertoRico,Maunabo Municipio,112,1347
PuertoRico,Mayag√ºez Municipio,732,13676
PuertoRico,Moca Municipio,357,5324
PuertoRico,Morovis Municipio,282,3650
PuertoRico,Naguabo Municipio,192,3895
PuertoRico,Naranjito Municipio,257,3352
PuertoRico,Orocovis Municipio,136,2387
PuertoRico,Patillas Municipio,104,2200
PuertoRico,Pe√±uelas Municipio,145,3042
PuertoRico,Ponce Municipio,1088,27495
PuertoRico,Quebradillas Municipio,186,3353
PuertoRico,Rinc√≥n Municipio,27,2321
PuertoRico,R√≠o Grande Municipio,598,8447
PuertoRico,Sabana Grande Municipio,419,3200
PuertoRico,Salinas Municipio,382,3367
PuertoRico,San Germ√°n Municipio,218,5113
PuertoRico,San Juan Municipio,3388,93934
PuertoRico,San Lorenzo Municipio,190,5081
PuertoRico,San Sebasti√°n Municipio,328,5188
PuertoRico,Santa Isabel Municipio,218,3661
PuertoRico,Toa Alta Municipio,807,13927
PuertoRico,Toa Baja Municipio,612,14269
PuertoRico,Trujillo Alto Municipio,628,16662
PuertoRico,Utuado Municipio,225,3911
PuertoRico,Vega Alta Municipio,357,5864
PuertoRico,Vega Baja Municipio,401,7948
PuertoRico,Vieques Municipio,55,782
PuertoRico,Villalba Municipio,358,2970
PuertoRico,Yabucoa Municipio,386,4186
PuertoRico,Yauco Municipio,305,6156
